Flame_retardant_AdditionAmount(wt%),Curing_agent_AdditionAmount(wt%),MW_FR,EEW,AMW_FR,Mp_FR,Mi_FR,RBF_FR,Sp_FR,Curing_Tem1,O%_FR,H%_FR,Si_FR,N%_FR,MCD_FR,MW_EP,C%_FR,Curing_Tem2,ARR_FR,nTA_FR,Curing_Time2,MW_Curing_Agent,RBN_FR,Fsp3_FR,Curing_Time1,Curing_Tem3,nHDon_FR,nDB_FR,AMW_EP,nHet_FR,RFD_FR,AP_FR,AMW_Curing_Agent,nCsp3_FR,nBM_FR,nN_FR,nO_FR,nH_FR,Curing_Time3,max_conj_path_FR,nP_FR,RCI_FR,H-048_FR,GD_FR,NNRS_FR,H-047_FR,H-050_FR,nAA_FR,Mp_Curing_Agent,nArOH_FR,H-052_FR,nHAcc_FR,C-006_FR,Curing_Tem4,nCs_FR,nCbH_FR,C-025_FR,SCBO_FR,nCp_FR,O-059_FR,C-026_FR,nRNHR_FR,O-058_FR,Si_Curing_Agent,nR05_FR,O-057_FR,Rbrid_FR,NRS_FR,H-046_FR,nCb-_FR,nArNH2_FR,nCsp3_Curing_Agent,nHM_FR,nROH_FR,nArOR_FR,O-056_FR,C-005_FR,nBO_FR,nC_FR,C-002_FR,P-116_FR,Sp_Curing_Agent,C%_Curing_Agent,nCt_FR,C-001_FR,LOI
1,19.8,537.64,196,8.146060606,0.701624242,1.119989394,0.115942029,46.3072,120,4.545454545,43.93939394,73.9193,4.545454545,0.648648649,340.45,42.42424242,150,0.6,8,2,198.29,8,0.214285714,2,180,0,3,6.947959184,9,0,0.648648649,6.837586207,6,27,3,3,29,2,14,1,1,0,0.06006006,1,22,0,24,0.675165517,0,0,7,1,120,0,14,2,55,2,0,3,0,3,32.4878,0,0,0,4,6,4,0,1,2,0,0,0,2,40,28,0,1,19.5798,44.82758621,1,2,1
2,19.6,537.64,196,8.146060606,0.701624242,1.119989394,0.115942029,46.3072,120,4.545454545,43.93939394,73.9193,4.545454545,0.648648649,340.45,42.42424242,150,0.6,8,2,198.29,8,0.214285714,2,180,0,3,6.947959184,9,0,0.648648649,6.837586207,6,27,3,3,29,2,14,1,1,0,0.06006006,1,22,0,24,0.675165517,0,0,7,1,120,0,14,2,55,2,0,3,0,3,32.4878,0,0,0,4,6,4,0,1,2,0,0,0,2,40,28,0,1,19.5798,44.82758621,1,2,1
3,19.4,537.64,196,8.146060606,0.701624242,1.119989394,0.115942029,46.3072,120,4.545454545,43.93939394,73.9193,4.545454545,0.648648649,340.45,42.42424242,150,0.6,8,2,198.29,8,0.214285714,2,180,0,3,6.947959184,9,0,0.648648649,6.837586207,6,27,3,3,29,2,14,1,1,0,0.06006006,1,22,0,24,0.675165517,0,0,7,1,120,0,14,2,55,2,0,3,0,3,32.4878,0,0,0,4,6,4,0,1,2,0,0,0,2,40,28,0,1,19.5798,44.82758621,1,2,1
4,19.2,537.64,196,8.146060606,0.701624242,1.119989394,0.115942029,46.3072,120,4.545454545,43.93939394,73.9193,4.545454545,0.648648649,340.45,42.42424242,150,0.6,8,2,198.29,8,0.214285714,2,180,0,3,6.947959184,9,0,0.648648649,6.837586207,6,27,3,3,29,2,14,1,1,0,0.06006006,1,22,0,24,0.675165517,0,0,7,1,120,0,14,2,55,2,0,3,0,3,32.4878,0,0,0,4,6,4,0,1,2,0,0,0,2,40,28,0,1,19.5798,44.82758621,1,2,1
5,19,537.64,196,8.146060606,0.701624242,1.119989394,0.115942029,46.3072,120,4.545454545,43.93939394,73.9193,4.545454545,0.648648649,340.45,42.42424242,150,0.6,8,2,198.29,8,0.214285714,2,180,0,3,6.947959184,9,0,0.648648649,6.837586207,6,27,3,3,29,2,14,1,1,0,0.06006006,1,22,0,24,0.675165517,0,0,7,1,120,0,14,2,55,2,0,3,0,3,32.4878,0,0,0,4,6,4,0,1,2,0,0,0,2,40,28,0,1,19.5798,44.82758621,1,2,1
6,18.8,537.64,196,8.146060606,0.701624242,1.119989394,0.115942029,46.3072,120,4.545454545,43.93939394,73.9193,4.545454545,0.648648649,340.45,42.42424242,150,0.6,8,2,198.29,8,0.214285714,2,180,0,3,6.947959184,9,0,0.648648649,6.837586207,6,27,3,3,29,2,14,1,1,0,0.06006006,1,22,0,24,0.675165517,0,0,7,1,120,0,14,2,55,2,0,3,0,3,32.4878,0,0,0,4,6,4,0,1,2,0,0,0,2,40,28,0,1,19.5798,44.82758621,1,2,1
7,18.6,537.64,196,8.146060606,0.701624242,1.119989394,0.115942029,46.3072,120,4.545454545,43.93939394,73.9193,4.545454545,0.648648649,340.45,42.42424242,150,0.6,8,2,198.29,8,0.214285714,2,180,0,3,6.947959184,9,0,0.648648649,6.837586207,6,27,3,3,29,2,14,1,1,0,0.06006006,1,22,0,24,0.675165517,0,0,7,1,120,0,14,2,55,2,0,3,0,3,32.4878,0,0,0,4,6,4,0,1,2,0,0,0,2,40,28,0,1,19.5798,44.82758621,1,2,1
8,18.4,537.64,196,8.146060606,0.701624242,1.119989394,0.115942029,46.3072,120,4.545454545,43.93939394,73.9193,4.545454545,0.648648649,340.45,42.42424242,150,0.6,8,2,198.29,8,0.214285714,2,180,0,3,6.947959184,9,0,0.648648649,6.837586207,6,27,3,3,29,2,14,1,1,0,0.06006006,1,22,0,24,0.675165517,0,0,7,1,120,0,14,2,55,2,0,3,0,3,32.4878,0,0,0,4,6,4,0,1,2,0,0,0,2,40,28,0,1,19.5798,44.82758621,1,2,1
9,18.2,537.64,196,8.146060606,0.701624242,1.119989394,0.115942029,46.3072,120,4.545454545,43.93939394,73.9193,4.545454545,0.648648649,340.45,42.42424242,150,0.6,8,2,198.29,8,0.214285714,2,180,0,3,6.947959184,9,0,0.648648649,6.837586207,6,27,3,3,29,2,14,1,1,0,0.06006006,1,22,0,24,0.675165517,0,0,7,1,120,0,14,2,55,2,0,3,0,3,32.4878,0,0,0,4,6,4,0,1,2,0,0,0,2,40,28,0,1,19.5798,44.82758621,1,2,1
10,18,537.64,196,8.146060606,0.701624242,1.119989394,0.115942029,46.3072,120,4.545454545,43.93939394,73.9193,4.545454545,0.648648649,340.45,42.42424242,150,0.6,8,2,198.29,8,0.214285714,2,180,0,3,6.947959184,9,0,0.648648649,6.837586207,6,27,3,3,29,2,14,1,1,0,0.06006006,1,22,0,24,0.675165517,0,0,7,1,120,0,14,2,55,2,0,3,0,3,32.4878,0,0,0,4,6,4,0,1,2,0,0,0,2,40,28,0,1,19.5798,44.82758621,1,2,1
11,17.8,537.64,196,8.146060606,0.701624242,1.119989394,0.115942029,46.3072,120,4.545454545,43.93939394,73.9193,4.545454545,0.648648649,340.45,42.42424242,150,0.6,8,2,198.29,8,0.214285714,2,180,0,3,6.947959184,9,0,0.648648649,6.837586207,6,27,3,3,29,2,14,1,1,0,0.06006006,1,22,0,24,0.675165517,0,0,7,1,120,0,14,2,55,2,0,3,0,3,32.4878,0,0,0,4,6,4,0,1,2,0,0,0,2,40,28,0,1,19.5798,44.82758621,1,2,1
12,17.6,537.64,196,8.146060606,0.701624242,1.119989394,0.115942029,46.3072,120,4.545454545,43.93939394,73.9193,4.545454545,0.648648649,340.45,42.42424242,150,0.6,8,2,198.29,8,0.214285714,2,180,0,3,6.947959184,9,0,0.648648649,6.837586207,6,27,3,3,29,2,14,1,1,0,0.06006006,1,22,0,24,0.675165517,0,0,7,1,120,0,14,2,55,2,0,3,0,3,32.4878,0,0,0,4,6,4,0,1,2,0,0,0,2,40,28,0,1,19.5798,44.82758621,1,2,1
13,17.4,537.64,196,8.146060606,0.701624242,1.119989394,0.115942029,46.3072,120,4.545454545,43.93939394,73.9193,4.545454545,0.648648649,340.45,42.42424242,150,0.6,8,2,198.29,8,0.214285714,2,180,0,3,6.947959184,9,0,0.648648649,6.837586207,6,27,3,3,29,2,14,1,1,0,0.06006006,1,22,0,24,0.675165517,0,0,7,1,120,0,14,2,55,2,0,3,0,3,32.4878,0,0,0,4,6,4,0,1,2,0,0,0,2,40,28,0,1,19.5798,44.82758621,1,2,1
14,17.2,537.64,196,8.146060606,0.701624242,1.119989394,0.115942029,46.3072,120,4.545454545,43.93939394,73.9193,4.545454545,0.648648649,340.45,42.42424242,150,0.6,8,2,198.29,8,0.214285714,2,180,0,3,6.947959184,9,0,0.648648649,6.837586207,6,27,3,3,29,2,14,1,1,0,0.06006006,1,22,0,24,0.675165517,0,0,7,1,120,0,14,2,55,2,0,3,0,3,32.4878,0,0,0,4,6,4,0,1,2,0,0,0,2,40,28,0,1,19.5798,44.82758621,1,2,1
15,17,537.64,196,8.146060606,0.701624242,1.119989394,0.115942029,46.3072,120,4.545454545,43.93939394,73.9193,4.545454545,0.648648649,340.45,42.42424242,150,0.6,8,2,198.29,8,0.214285714,2,180,0,3,6.947959184,9,0,0.648648649,6.837586207,6,27,3,3,29,2,14,1,1,0,0.06006006,1,22,0,24,0.675165517,0,0,7,1,120,0,14,2,55,2,0,3,0,3,32.4878,0,0,0,4,6,4,0,1,2,0,0,0,2,40,28,0,1,19.5798,44.82758621,1,2,1
16,16.8,537.64,196,8.146060606,0.701624242,1.119989394,0.115942029,46.3072,120,4.545454545,43.93939394,73.9193,4.545454545,0.648648649,340.45,42.42424242,150,0.6,8,2,198.29,8,0.214285714,2,180,0,3,6.947959184,9,0,0.648648649,6.837586207,6,27,3,3,29,2,14,1,1,0,0.06006006,1,22,0,24,0.675165517,0,0,7,1,120,0,14,2,55,2,0,3,0,3,32.4878,0,0,0,4,6,4,0,1,2,0,0,0,2,40,28,0,1,19.5798,44.82758621,1,2,1
17,16.6,537.64,196,8.146060606,0.701624242,1.119989394,0.115942029,46.3072,120,4.545454545,43.93939394,73.9193,4.545454545,0.648648649,340.45,42.42424242,150,0.6,8,2,198.29,8,0.214285714,2,180,0,3,6.947959184,9,0,0.648648649,6.837586207,6,27,3,3,29,2,14,1,1,0,0.06006006,1,22,0,24,0.675165517,0,0,7,1,120,0,14,2,55,2,0,3,0,3,32.4878,0,0,0,4,6,4,0,1,2,0,0,0,2,40,28,0,1,19.5798,44.82758621,1,2,1
18,16.4,537.64,196,8.146060606,0.701624242,1.119989394,0.115942029,46.3072,120,4.545454545,43.93939394,73.9193,4.545454545,0.648648649,340.45,42.42424242,150,0.6,8,2,198.29,8,0.214285714,2,180,0,3,6.947959184,9,0,0.648648649,6.837586207,6,27,3,3,29,2,14,1,1,0,0.06006006,1,22,0,24,0.675165517,0,0,7,1,120,0,14,2,55,2,0,3,0,3,32.4878,0,0,0,4,6,4,0,1,2,0,0,0,2,40,28,0,1,19.5798,44.82758621,1,2,1
19,16.2,537.64,196,8.146060606,0.701624242,1.119989394,0.115942029,46.3072,120,4.545454545,43.93939394,73.9193,4.545454545,0.648648649,340.45,42.42424242,150,0.6,8,2,198.29,8,0.214285714,2,180,0,3,6.947959184,9,0,0.648648649,6.837586207,6,27,3,3,29,2,14,1,1,0,0.06006006,1,22,0,24,0.675165517,0,0,7,1,120,0,14,2,55,2,0,3,0,3,32.4878,0,0,0,4,6,4,0,1,2,0,0,0,2,40,28,0,1,19.5798,44.82758621,1,2,1
20,16,537.64,196,8.146060606,0.701624242,1.119989394,0.115942029,46.3072,120,4.545454545,43.93939394,73.9193,4.545454545,0.648648649,340.45,42.42424242,150,0.6,8,2,198.29,8,0.214285714,2,180,0,3,6.947959184,9,0,0.648648649,6.837586207,6,27,3,3,29,2,14,1,1,0,0.06006006,1,22,0,24,0.675165517,0,0,7,1,120,0,14,2,55,2,0,3,0,3,32.4878,0,0,0,4,6,4,0,1,2,0,0,0,2,40,28,0,1,19.5798,44.82758621,1,2,1
1,19.8,404.24,196,10.36512821,0.793715385,1.092212821,0.073170732,30.9549,120,0,46.15384615,42.5963,0,0.857142857,340.45,48.71794872,150,0.782608696,2,2,198.29,3,0.052631579,2,180,0,0,6.947959184,2,0,0.857142857,6.837586207,1,18,0,0,18,2,6,1,1,0,0.10952381,1,18,0,18,0.675165517,0,0,0,0,120,0,15,0,32,0,0,3,0,0,32.4878,0,0,0,3,0,3,0,1,2,0,0,0,1,23,19,0,0,19.5798,44.82758621,0,0,1
2,19.6,404.24,196,10.36512821,0.793715385,1.092212821,0.073170732,30.9549,120,0,46.15384615,42.5963,0,0.857142857,340.45,48.71794872,150,0.782608696,2,2,198.29,3,0.052631579,2,180,0,0,6.947959184,2,0,0.857142857,6.837586207,1,18,0,0,18,2,6,1,1,0,0.10952381,1,18,0,18,0.675165517,0,0,0,0,120,0,15,0,32,0,0,3,0,0,32.4878,0,0,0,3,0,3,0,1,2,0,0,0,1,23,19,0,0,19.5798,44.82758621,0,0,1
3,19.4,404.24,196,10.36512821,0.793715385,1.092212821,0.073170732,30.9549,120,0,46.15384615,42.5963,0,0.857142857,340.45,48.71794872,150,0.782608696,2,2,198.29,3,0.052631579,2,180,0,0,6.947959184,2,0,0.857142857,6.837586207,1,18,0,0,18,2,6,1,1,0,0.10952381,1,18,0,18,0.675165517,0,0,0,0,120,0,15,0,32,0,0,3,0,0,32.4878,0,0,0,3,0,3,0,1,2,0,0,0,1,23,19,0,0,19.5798,44.82758621,0,0,1
4,19.2,404.24,196,10.36512821,0.793715385,1.092212821,0.073170732,30.9549,120,0,46.15384615,42.5963,0,0.857142857,340.45,48.71794872,150,0.782608696,2,2,198.29,3,0.052631579,2,180,0,0,6.947959184,2,0,0.857142857,6.837586207,1,18,0,0,18,2,6,1,1,0,0.10952381,1,18,0,18,0.675165517,0,0,0,0,120,0,15,0,32,0,0,3,0,0,32.4878,0,0,0,3,0,3,0,1,2,0,0,0,1,23,19,0,0,19.5798,44.82758621,0,0,1
5,19,404.24,196,10.36512821,0.793715385,1.092212821,0.073170732,30.9549,120,0,46.15384615,42.5963,0,0.857142857,340.45,48.71794872,150,0.782608696,2,2,198.29,3,0.052631579,2,180,0,0,6.947959184,2,0,0.857142857,6.837586207,1,18,0,0,18,2,6,1,1,0,0.10952381,1,18,0,18,0.675165517,0,0,0,0,120,0,15,0,32,0,0,3,0,0,32.4878,0,0,0,3,0,3,0,1,2,0,0,0,1,23,19,0,0,19.5798,44.82758621,0,0,1
6,18.8,404.24,196,10.36512821,0.793715385,1.092212821,0.073170732,30.9549,120,0,46.15384615,42.5963,0,0.857142857,340.45,48.71794872,150,0.782608696,2,2,198.29,3,0.052631579,2,180,0,0,6.947959184,2,0,0.857142857,6.837586207,1,18,0,0,18,2,6,1,1,0,0.10952381,1,18,0,18,0.675165517,0,0,0,0,120,0,15,0,32,0,0,3,0,0,32.4878,0,0,0,3,0,3,0,1,2,0,0,0,1,23,19,0,0,19.5798,44.82758621,0,0,1
7,18.6,404.24,196,10.36512821,0.793715385,1.092212821,0.073170732,30.9549,120,0,46.15384615,42.5963,0,0.857142857,340.45,48.71794872,150,0.782608696,2,2,198.29,3,0.052631579,2,180,0,0,6.947959184,2,0,0.857142857,6.837586207,1,18,0,0,18,2,6,1,1,0,0.10952381,1,18,0,18,0.675165517,0,0,0,0,120,0,15,0,32,0,0,3,0,0,32.4878,0,0,0,3,0,3,0,1,2,0,0,0,1,23,19,0,0,19.5798,44.82758621,0,0,1
8,18.4,404.24,196,10.36512821,0.793715385,1.092212821,0.073170732,30.9549,120,0,46.15384615,42.5963,0,0.857142857,340.45,48.71794872,150,0.782608696,2,2,198.29,3,0.052631579,2,180,0,0,6.947959184,2,0,0.857142857,6.837586207,1,18,0,0,18,2,6,1,1,0,0.10952381,1,18,0,18,0.675165517,0,0,0,0,120,0,15,0,32,0,0,3,0,0,32.4878,0,0,0,3,0,3,0,1,2,0,0,0,1,23,19,0,0,19.5798,44.82758621,0,0,1
9,18.2,404.24,196,10.36512821,0.793715385,1.092212821,0.073170732,30.9549,120,0,46.15384615,42.5963,0,0.857142857,340.45,48.71794872,150,0.782608696,2,2,198.29,3,0.052631579,2,180,0,0,6.947959184,2,0,0.857142857,6.837586207,1,18,0,0,18,2,6,1,1,0,0.10952381,1,18,0,18,0.675165517,0,0,0,0,120,0,15,0,32,0,0,3,0,0,32.4878,0,0,0,3,0,3,0,1,2,0,0,0,1,23,19,0,0,19.5798,44.82758621,0,0,1
10,18,404.24,196,10.36512821,0.793715385,1.092212821,0.073170732,30.9549,120,0,46.15384615,42.5963,0,0.857142857,340.45,48.71794872,150,0.782608696,2,2,198.29,3,0.052631579,2,180,0,0,6.947959184,2,0,0.857142857,6.837586207,1,18,0,0,18,2,6,1,1,0,0.10952381,1,18,0,18,0.675165517,0,0,0,0,120,0,15,0,32,0,0,3,0,0,32.4878,0,0,0,3,0,3,0,1,2,0,0,0,1,23,19,0,0,19.5798,44.82758621,0,0,1
11,17.8,404.24,196,10.36512821,0.793715385,1.092212821,0.073170732,30.9549,120,0,46.15384615,42.5963,0,0.857142857,340.45,48.71794872,150,0.782608696,2,2,198.29,3,0.052631579,2,180,0,0,6.947959184,2,0,0.857142857,6.837586207,1,18,0,0,18,2,6,1,1,0,0.10952381,1,18,0,18,0.675165517,0,0,0,0,120,0,15,0,32,0,0,3,0,0,32.4878,0,0,0,3,0,3,0,1,2,0,0,0,1,23,19,0,0,19.5798,44.82758621,0,0,1
12,17.6,404.24,196,10.36512821,0.793715385,1.092212821,0.073170732,30.9549,120,0,46.15384615,42.5963,0,0.857142857,340.45,48.71794872,150,0.782608696,2,2,198.29,3,0.052631579,2,180,0,0,6.947959184,2,0,0.857142857,6.837586207,1,18,0,0,18,2,6,1,1,0,0.10952381,1,18,0,18,0.675165517,0,0,0,0,120,0,15,0,32,0,0,3,0,0,32.4878,0,0,0,3,0,3,0,1,2,0,0,0,1,23,19,0,0,19.5798,44.82758621,0,0,1
13,17.4,404.24,196,10.36512821,0.793715385,1.092212821,0.073170732,30.9549,120,0,46.15384615,42.5963,0,0.857142857,340.45,48.71794872,150,0.782608696,2,2,198.29,3,0.052631579,2,180,0,0,6.947959184,2,0,0.857142857,6.837586207,1,18,0,0,18,2,6,1,1,0,0.10952381,1,18,0,18,0.675165517,0,0,0,0,120,0,15,0,32,0,0,3,0,0,32.4878,0,0,0,3,0,3,0,1,2,0,0,0,1,23,19,0,0,19.5798,44.82758621,0,0,1
14,17.2,404.24,196,10.36512821,0.793715385,1.092212821,0.073170732,30.9549,120,0,46.15384615,42.5963,0,0.857142857,340.45,48.71794872,150,0.782608696,2,2,198.29,3,0.052631579,2,180,0,0,6.947959184,2,0,0.857142857,6.837586207,1,18,0,0,18,2,6,1,1,0,0.10952381,1,18,0,18,0.675165517,0,0,0,0,120,0,15,0,32,0,0,3,0,0,32.4878,0,0,0,3,0,3,0,1,2,0,0,0,1,23,19,0,0,19.5798,44.82758621,0,0,1
15,17,404.24,196,10.36512821,0.793715385,1.092212821,0.073170732,30.9549,120,0,46.15384615,42.5963,0,0.857142857,340.45,48.71794872,150,0.782608696,2,2,198.29,3,0.052631579,2,180,0,0,6.947959184,2,0,0.857142857,6.837586207,1,18,0,0,18,2,6,1,1,0,0.10952381,1,18,0,18,0.675165517,0,0,0,0,120,0,15,0,32,0,0,3,0,0,32.4878,0,0,0,3,0,3,0,1,2,0,0,0,1,23,19,0,0,19.5798,44.82758621,0,0,1
16,16.8,404.24,196,10.36512821,0.793715385,1.092212821,0.073170732,30.9549,120,0,46.15384615,42.5963,0,0.857142857,340.45,48.71794872,150,0.782608696,2,2,198.29,3,0.052631579,2,180,0,0,6.947959184,2,0,0.857142857,6.837586207,1,18,0,0,18,2,6,1,1,0,0.10952381,1,18,0,18,0.675165517,0,0,0,0,120,0,15,0,32,0,0,3,0,0,32.4878,0,0,0,3,0,3,0,1,2,0,0,0,1,23,19,0,0,19.5798,44.82758621,0,0,1
17,16.6,404.24,196,10.36512821,0.793715385,1.092212821,0.073170732,30.9549,120,0,46.15384615,42.5963,0,0.857142857,340.45,48.71794872,150,0.782608696,2,2,198.29,3,0.052631579,2,180,0,0,6.947959184,2,0,0.857142857,6.837586207,1,18,0,0,18,2,6,1,1,0,0.10952381,1,18,0,18,0.675165517,0,0,0,0,120,0,15,0,32,0,0,3,0,0,32.4878,0,0,0,3,0,3,0,1,2,0,0,0,1,23,19,0,0,19.5798,44.82758621,0,0,1
18,16.4,404.24,196,10.36512821,0.793715385,1.092212821,0.073170732,30.9549,120,0,46.15384615,42.5963,0,0.857142857,340.45,48.71794872,150,0.782608696,2,2,198.29,3,0.052631579,2,180,0,0,6.947959184,2,0,0.857142857,6.837586207,1,18,0,0,18,2,6,1,1,0,0.10952381,1,18,0,18,0.675165517,0,0,0,0,120,0,15,0,32,0,0,3,0,0,32.4878,0,0,0,3,0,3,0,1,2,0,0,0,1,23,19,0,0,19.5798,44.82758621,0,0,1
19,16.2,404.24,196,10.36512821,0.793715385,1.092212821,0.073170732,30.9549,120,0,46.15384615,42.5963,0,0.857142857,340.45,48.71794872,150,0.782608696,2,2,198.29,3,0.052631579,2,180,0,0,6.947959184,2,0,0.857142857,6.837586207,1,18,0,0,18,2,6,1,1,0,0.10952381,1,18,0,18,0.675165517,0,0,0,0,120,0,15,0,32,0,0,3,0,0,32.4878,0,0,0,3,0,3,0,1,2,0,0,0,1,23,19,0,0,19.5798,44.82758621,0,0,1
20,16,404.24,196,10.36512821,0.793715385,1.092212821,0.073170732,30.9549,120,0,46.15384615,42.5963,0,0.857142857,340.45,48.71794872,150,0.782608696,2,2,198.29,3,0.052631579,2,180,0,0,6.947959184,2,0,0.857142857,6.837586207,1,18,0,0,18,2,6,1,1,0,0.10952381,1,18,0,18,0.675165517,0,0,0,0,120,0,15,0,32,0,0,3,0,0,32.4878,0,0,0,3,0,3,0,1,2,0,0,0,1,23,19,0,0,19.5798,44.82758621,0,0,1
1,19.8,589.66,196,8.934242424,0.727360606,1.103383333,0.070422535,48.0058,120,9.090909091,34.84848485,72.8233,4.545454545,0.790697674,340.45,50,150,0.770833333,6,2,198.29,5,0.03030303,2,180,5,2,6.947959184,10,0.176470588,0.790697674,6.837586207,1,39,3,6,23,2,14,0,1.176470588,1,0.053156146,0.571428571,14,5,34,0.675165517,2,0,8,0,120,1,14,8,68.5,0,0,2,0,2,32.4878,2,4,3,4,2,12,0,1,1,2,0,0,0,48,33,1,0,19.5798,44.82758621,0,0,1
2,19.6,589.66,196,8.934242424,0.727360606,1.103383333,0.070422535,48.0058,120,9.090909091,34.84848485,72.8233,4.545454545,0.790697674,340.45,50,150,0.770833333,6,2,198.29,5,0.03030303,2,180,5,2,6.947959184,10,0.176470588,0.790697674,6.837586207,1,39,3,6,23,2,14,0,1.176470588,1,0.053156146,0.571428571,14,5,34,0.675165517,2,0,8,0,120,1,14,8,68.5,0,0,2,0,2,32.4878,2,4,3,4,2,12,0,1,1,2,0,0,0,48,33,1,0,19.5798,44.82758621,0,0,1
3,19.4,589.66,196,8.934242424,0.727360606,1.103383333,0.070422535,48.0058,120,9.090909091,34.84848485,72.8233,4.545454545,0.790697674,340.45,50,150,0.770833333,6,2,198.29,5,0.03030303,2,180,5,2,6.947959184,10,0.176470588,0.790697674,6.837586207,1,39,3,6,23,2,14,0,1.176470588,1,0.053156146,0.571428571,14,5,34,0.675165517,2,0,8,0,120,1,14,8,68.5,0,0,2,0,2,32.4878,2,4,3,4,2,12,0,1,1,2,0,0,0,48,33,1,0,19.5798,44.82758621,0,0,1
4,19.2,589.66,196,8.934242424,0.727360606,1.103383333,0.070422535,48.0058,120,9.090909091,34.84848485,72.8233,4.545454545,0.790697674,340.45,50,150,0.770833333,6,2,198.29,5,0.03030303,2,180,5,2,6.947959184,10,0.176470588,0.790697674,6.837586207,1,39,3,6,23,2,14,0,1.176470588,1,0.053156146,0.571428571,14,5,34,0.675165517,2,0,8,0,120,1,14,8,68.5,0,0,2,0,2,32.4878,2,4,3,4,2,12,0,1,1,2,0,0,0,48,33,1,0,19.5798,44.82758621,0,0,1
5,19,589.66,196,8.934242424,0.727360606,1.103383333,0.070422535,48.0058,120,9.090909091,34.84848485,72.8233,4.545454545,0.790697674,340.45,50,150,0.770833333,6,2,198.29,5,0.03030303,2,180,5,2,6.947959184,10,0.176470588,0.790697674,6.837586207,1,39,3,6,23,2,14,0,1.176470588,1,0.053156146,0.571428571,14,5,34,0.675165517,2,0,8,0,120,1,14,8,68.5,0,0,2,0,2,32.4878,2,4,3,4,2,12,0,1,1,2,0,0,0,48,33,1,0,19.5798,44.82758621,0,0,1
6,18.8,589.66,196,8.934242424,0.727360606,1.103383333,0.070422535,48.0058,120,9.090909091,34.84848485,72.8233,4.545454545,0.790697674,340.45,50,150,0.770833333,6,2,198.29,5,0.03030303,2,180,5,2,6.947959184,10,0.176470588,0.790697674,6.837586207,1,39,3,6,23,2,14,0,1.176470588,1,0.053156146,0.571428571,14,5,34,0.675165517,2,0,8,0,120,1,14,8,68.5,0,0,2,0,2,32.4878,2,4,3,4,2,12,0,1,1,2,0,0,0,48,33,1,0,19.5798,44.82758621,0,0,1
7,18.6,589.66,196,8.934242424,0.727360606,1.103383333,0.070422535,48.0058,120,9.090909091,34.84848485,72.8233,4.545454545,0.790697674,340.45,50,150,0.770833333,6,2,198.29,5,0.03030303,2,180,5,2,6.947959184,10,0.176470588,0.790697674,6.837586207,1,39,3,6,23,2,14,0,1.176470588,1,0.053156146,0.571428571,14,5,34,0.675165517,2,0,8,0,120,1,14,8,68.5,0,0,2,0,2,32.4878,2,4,3,4,2,12,0,1,1,2,0,0,0,48,33,1,0,19.5798,44.82758621,0,0,1
8,18.4,589.66,196,8.934242424,0.727360606,1.103383333,0.070422535,48.0058,120,9.090909091,34.84848485,72.8233,4.545454545,0.790697674,340.45,50,150,0.770833333,6,2,198.29,5,0.03030303,2,180,5,2,6.947959184,10,0.176470588,0.790697674,6.837586207,1,39,3,6,23,2,14,0,1.176470588,1,0.053156146,0.571428571,14,5,34,0.675165517,2,0,8,0,120,1,14,8,68.5,0,0,2,0,2,32.4878,2,4,3,4,2,12,0,1,1,2,0,0,0,48,33,1,0,19.5798,44.82758621,0,0,1
9,18.2,589.66,196,8.934242424,0.727360606,1.103383333,0.070422535,48.0058,120,9.090909091,34.84848485,72.8233,4.545454545,0.790697674,340.45,50,150,0.770833333,6,2,198.29,5,0.03030303,2,180,5,2,6.947959184,10,0.176470588,0.790697674,6.837586207,1,39,3,6,23,2,14,0,1.176470588,1,0.053156146,0.571428571,14,5,34,0.675165517,2,0,8,0,120,1,14,8,68.5,0,0,2,0,2,32.4878,2,4,3,4,2,12,0,1,1,2,0,0,0,48,33,1,0,19.5798,44.82758621,0,0,1
10,18,589.66,196,8.934242424,0.727360606,1.103383333,0.070422535,48.0058,120,9.090909091,34.84848485,72.8233,4.545454545,0.790697674,340.45,50,150,0.770833333,6,2,198.29,5,0.03030303,2,180,5,2,6.947959184,10,0.176470588,0.790697674,6.837586207,1,39,3,6,23,2,14,0,1.176470588,1,0.053156146,0.571428571,14,5,34,0.675165517,2,0,8,0,120,1,14,8,68.5,0,0,2,0,2,32.4878,2,4,3,4,2,12,0,1,1,2,0,0,0,48,33,1,0,19.5798,44.82758621,0,0,1
11,17.8,589.66,196,8.934242424,0.727360606,1.103383333,0.070422535,48.0058,120,9.090909091,34.84848485,72.8233,4.545454545,0.790697674,340.45,50,150,0.770833333,6,2,198.29,5,0.03030303,2,180,5,2,6.947959184,10,0.176470588,0.790697674,6.837586207,1,39,3,6,23,2,14,0,1.176470588,1,0.053156146,0.571428571,14,5,34,0.675165517,2,0,8,0,120,1,14,8,68.5,0,0,2,0,2,32.4878,2,4,3,4,2,12,0,1,1,2,0,0,0,48,33,1,0,19.5798,44.82758621,0,0,1
12,17.6,589.66,196,8.934242424,0.727360606,1.103383333,0.070422535,48.0058,120,9.090909091,34.84848485,72.8233,4.545454545,0.790697674,340.45,50,150,0.770833333,6,2,198.29,5,0.03030303,2,180,5,2,6.947959184,10,0.176470588,0.790697674,6.837586207,1,39,3,6,23,2,14,0,1.176470588,1,0.053156146,0.571428571,14,5,34,0.675165517,2,0,8,0,120,1,14,8,68.5,0,0,2,0,2,32.4878,2,4,3,4,2,12,0,1,1,2,0,0,0,48,33,1,0,19.5798,44.82758621,0,0,1
13,17.4,589.66,196,8.934242424,0.727360606,1.103383333,0.070422535,48.0058,120,9.090909091,34.84848485,72.8233,4.545454545,0.790697674,340.45,50,150,0.770833333,6,2,198.29,5,0.03030303,2,180,5,2,6.947959184,10,0.176470588,0.790697674,6.837586207,1,39,3,6,23,2,14,0,1.176470588,1,0.053156146,0.571428571,14,5,34,0.675165517,2,0,8,0,120,1,14,8,68.5,0,0,2,0,2,32.4878,2,4,3,4,2,12,0,1,1,2,0,0,0,48,33,1,0,19.5798,44.82758621,0,0,1
14,17.2,589.66,196,8.934242424,0.727360606,1.103383333,0.070422535,48.0058,120,9.090909091,34.84848485,72.8233,4.545454545,0.790697674,340.45,50,150,0.770833333,6,2,198.29,5,0.03030303,2,180,5,2,6.947959184,10,0.176470588,0.790697674,6.837586207,1,39,3,6,23,2,14,0,1.176470588,1,0.053156146,0.571428571,14,5,34,0.675165517,2,0,8,0,120,1,14,8,68.5,0,0,2,0,2,32.4878,2,4,3,4,2,12,0,1,1,2,0,0,0,48,33,1,0,19.5798,44.82758621,0,0,1
15,17,589.66,196,8.934242424,0.727360606,1.103383333,0.070422535,48.0058,120,9.090909091,34.84848485,72.8233,4.545454545,0.790697674,340.45,50,150,0.770833333,6,2,198.29,5,0.03030303,2,180,5,2,6.947959184,10,0.176470588,0.790697674,6.837586207,1,39,3,6,23,2,14,0,1.176470588,1,0.053156146,0.571428571,14,5,34,0.675165517,2,0,8,0,120,1,14,8,68.5,0,0,2,0,2,32.4878,2,4,3,4,2,12,0,1,1,2,0,0,0,48,33,1,0,19.5798,44.82758621,0,0,1
16,16.8,589.66,196,8.934242424,0.727360606,1.103383333,0.070422535,48.0058,120,9.090909091,34.84848485,72.8233,4.545454545,0.790697674,340.45,50,150,0.770833333,6,2,198.29,5,0.03030303,2,180,5,2,6.947959184,10,0.176470588,0.790697674,6.837586207,1,39,3,6,23,2,14,0,1.176470588,1,0.053156146,0.571428571,14,5,34,0.675165517,2,0,8,0,120,1,14,8,68.5,0,0,2,0,2,32.4878,2,4,3,4,2,12,0,1,1,2,0,0,0,48,33,1,0,19.5798,44.82758621,0,0,1
17,16.6,589.66,196,8.934242424,0.727360606,1.103383333,0.070422535,48.0058,120,9.090909091,34.84848485,72.8233,4.545454545,0.790697674,340.45,50,150,0.770833333,6,2,198.29,5,0.03030303,2,180,5,2,6.947959184,10,0.176470588,0.790697674,6.837586207,1,39,3,6,23,2,14,0,1.176470588,1,0.053156146,0.571428571,14,5,34,0.675165517,2,0,8,0,120,1,14,8,68.5,0,0,2,0,2,32.4878,2,4,3,4,2,12,0,1,1,2,0,0,0,48,33,1,0,19.5798,44.82758621,0,0,1
18,16.4,589.66,196,8.934242424,0.727360606,1.103383333,0.070422535,48.0058,120,9.090909091,34.84848485,72.8233,4.545454545,0.790697674,340.45,50,150,0.770833333,6,2,198.29,5,0.03030303,2,180,5,2,6.947959184,10,0.176470588,0.790697674,6.837586207,1,39,3,6,23,2,14,0,1.176470588,1,0.053156146,0.571428571,14,5,34,0.675165517,2,0,8,0,120,1,14,8,68.5,0,0,2,0,2,32.4878,2,4,3,4,2,12,0,1,1,2,0,0,0,48,33,1,0,19.5798,44.82758621,0,0,1
19,16.2,589.66,196,8.934242424,0.727360606,1.103383333,0.070422535,48.0058,120,9.090909091,34.84848485,72.8233,4.545454545,0.790697674,340.45,50,150,0.770833333,6,2,198.29,5,0.03030303,2,180,5,2,6.947959184,10,0.176470588,0.790697674,6.837586207,1,39,3,6,23,2,14,0,1.176470588,1,0.053156146,0.571428571,14,5,34,0.675165517,2,0,8,0,120,1,14,8,68.5,0,0,2,0,2,32.4878,2,4,3,4,2,12,0,1,1,2,0,0,0,48,33,1,0,19.5798,44.82758621,0,0,1
20,16,589.66,196,8.934242424,0.727360606,1.103383333,0.070422535,48.0058,120,9.090909091,34.84848485,72.8233,4.545454545,0.790697674,340.45,50,150,0.770833333,6,2,198.29,5,0.03030303,2,180,5,2,6.947959184,10,0.176470588,0.790697674,6.837586207,1,39,3,6,23,2,14,0,1.176470588,1,0.053156146,0.571428571,14,5,34,0.675165517,2,0,8,0,120,1,14,8,68.5,0,0,2,0,2,32.4878,2,4,3,4,2,12,0,1,1,2,0,0,0,48,33,1,0,19.5798,44.82758621,0,0,1
1,19.8,318.34,196,7.764390244,0.680714634,1.124031707,0.139534884,27.9093,120,7.317073171,46.34146341,46.0853,4.87804878,0.636363636,340.45,39.02439024,150,0.5,2,2,198.29,6,0.25,2,180,3,1,6.947959184,6,0.285714286,0.545454545,6.837586207,4,13,2,3,19,2,14,1,1.285714286,0,0.103896104,0.333333333,16,3,12,0.675165517,0,0,5,4,120,0,8,2,31,1,0,2,1,1,32.4878,0,0,2,1,0,4,0,1,1,1,0,1,0,24,16,0,0,19.5798,44.82758621,0,0,1
2,19.6,318.34,196,7.764390244,0.680714634,1.124031707,0.139534884,27.9093,120,7.317073171,46.34146341,46.0853,4.87804878,0.636363636,340.45,39.02439024,150,0.5,2,2,198.29,6,0.25,2,180,3,1,6.947959184,6,0.285714286,0.545454545,6.837586207,4,13,2,3,19,2,14,1,1.285714286,0,0.103896104,0.333333333,16,3,12,0.675165517,0,0,5,4,120,0,8,2,31,1,0,2,1,1,32.4878,0,0,2,1,0,4,0,1,1,1,0,1,0,24,16,0,0,19.5798,44.82758621,0,0,1
3,19.4,318.34,196,7.764390244,0.680714634,1.124031707,0.139534884,27.9093,120,7.317073171,46.34146341,46.0853,4.87804878,0.636363636,340.45,39.02439024,150,0.5,2,2,198.29,6,0.25,2,180,3,1,6.947959184,6,0.285714286,0.545454545,6.837586207,4,13,2,3,19,2,14,1,1.285714286,0,0.103896104,0.333333333,16,3,12,0.675165517,0,0,5,4,120,0,8,2,31,1,0,2,1,1,32.4878,0,0,2,1,0,4,0,1,1,1,0,1,0,24,16,0,0,19.5798,44.82758621,0,0,1
4,19.2,318.34,196,7.764390244,0.680714634,1.124031707,0.139534884,27.9093,120,7.317073171,46.34146341,46.0853,4.87804878,0.636363636,340.45,39.02439024,150,0.5,2,2,198.29,6,0.25,2,180,3,1,6.947959184,6,0.285714286,0.545454545,6.837586207,4,13,2,3,19,2,14,1,1.285714286,0,0.103896104,0.333333333,16,3,12,0.675165517,0,0,5,4,120,0,8,2,31,1,0,2,1,1,32.4878,0,0,2,1,0,4,0,1,1,1,0,1,0,24,16,0,0,19.5798,44.82758621,0,0,1
5,19,318.34,196,7.764390244,0.680714634,1.124031707,0.139534884,27.9093,120,7.317073171,46.34146341,46.0853,4.87804878,0.636363636,340.45,39.02439024,150,0.5,2,2,198.29,6,0.25,2,180,3,1,6.947959184,6,0.285714286,0.545454545,6.837586207,4,13,2,3,19,2,14,1,1.285714286,0,0.103896104,0.333333333,16,3,12,0.675165517,0,0,5,4,120,0,8,2,31,1,0,2,1,1,32.4878,0,0,2,1,0,4,0,1,1,1,0,1,0,24,16,0,0,19.5798,44.82758621,0,0,1
6,18.8,318.34,196,7.764390244,0.680714634,1.124031707,0.139534884,27.9093,120,7.317073171,46.34146341,46.0853,4.87804878,0.636363636,340.45,39.02439024,150,0.5,2,2,198.29,6,0.25,2,180,3,1,6.947959184,6,0.285714286,0.545454545,6.837586207,4,13,2,3,19,2,14,1,1.285714286,0,0.103896104,0.333333333,16,3,12,0.675165517,0,0,5,4,120,0,8,2,31,1,0,2,1,1,32.4878,0,0,2,1,0,4,0,1,1,1,0,1,0,24,16,0,0,19.5798,44.82758621,0,0,1
7,18.6,318.34,196,7.764390244,0.680714634,1.124031707,0.139534884,27.9093,120,7.317073171,46.34146341,46.0853,4.87804878,0.636363636,340.45,39.02439024,150,0.5,2,2,198.29,6,0.25,2,180,3,1,6.947959184,6,0.285714286,0.545454545,6.837586207,4,13,2,3,19,2,14,1,1.285714286,0,0.103896104,0.333333333,16,3,12,0.675165517,0,0,5,4,120,0,8,2,31,1,0,2,1,1,32.4878,0,0,2,1,0,4,0,1,1,1,0,1,0,24,16,0,0,19.5798,44.82758621,0,0,1
8,18.4,318.34,196,7.764390244,0.680714634,1.124031707,0.139534884,27.9093,120,7.317073171,46.34146341,46.0853,4.87804878,0.636363636,340.45,39.02439024,150,0.5,2,2,198.29,6,0.25,2,180,3,1,6.947959184,6,0.285714286,0.545454545,6.837586207,4,13,2,3,19,2,14,1,1.285714286,0,0.103896104,0.333333333,16,3,12,0.675165517,0,0,5,4,120,0,8,2,31,1,0,2,1,1,32.4878,0,0,2,1,0,4,0,1,1,1,0,1,0,24,16,0,0,19.5798,44.82758621,0,0,1
9,18.2,318.34,196,7.764390244,0.680714634,1.124031707,0.139534884,27.9093,120,7.317073171,46.34146341,46.0853,4.87804878,0.636363636,340.45,39.02439024,150,0.5,2,2,198.29,6,0.25,2,180,3,1,6.947959184,6,0.285714286,0.545454545,6.837586207,4,13,2,3,19,2,14,1,1.285714286,0,0.103896104,0.333333333,16,3,12,0.675165517,0,0,5,4,120,0,8,2,31,1,0,2,1,1,32.4878,0,0,2,1,0,4,0,1,1,1,0,1,0,24,16,0,0,19.5798,44.82758621,0,0,1
10,18,318.34,196,7.764390244,0.680714634,1.124031707,0.139534884,27.9093,120,7.317073171,46.34146341,46.0853,4.87804878,0.636363636,340.45,39.02439024,150,0.5,2,2,198.29,6,0.25,2,180,3,1,6.947959184,6,0.285714286,0.545454545,6.837586207,4,13,2,3,19,2,14,1,1.285714286,0,0.103896104,0.333333333,16,3,12,0.675165517,0,0,5,4,120,0,8,2,31,1,0,2,1,1,32.4878,0,0,2,1,0,4,0,1,1,1,0,1,0,24,16,0,0,19.5798,44.82758621,0,0,1
11,17.8,318.34,196,7.764390244,0.680714634,1.124031707,0.139534884,27.9093,120,7.317073171,46.34146341,46.0853,4.87804878,0.636363636,340.45,39.02439024,150,0.5,2,2,198.29,6,0.25,2,180,3,1,6.947959184,6,0.285714286,0.545454545,6.837586207,4,13,2,3,19,2,14,1,1.285714286,0,0.103896104,0.333333333,16,3,12,0.675165517,0,0,5,4,120,0,8,2,31,1,0,2,1,1,32.4878,0,0,2,1,0,4,0,1,1,1,0,1,0,24,16,0,0,19.5798,44.82758621,0,0,1
12,17.6,318.34,196,7.764390244,0.680714634,1.124031707,0.139534884,27.9093,120,7.317073171,46.34146341,46.0853,4.87804878,0.636363636,340.45,39.02439024,150,0.5,2,2,198.29,6,0.25,2,180,3,1,6.947959184,6,0.285714286,0.545454545,6.837586207,4,13,2,3,19,2,14,1,1.285714286,0,0.103896104,0.333333333,16,3,12,0.675165517,0,0,5,4,120,0,8,2,31,1,0,2,1,1,32.4878,0,0,2,1,0,4,0,1,1,1,0,1,0,24,16,0,0,19.5798,44.82758621,0,0,1
13,17.4,318.34,196,7.764390244,0.680714634,1.124031707,0.139534884,27.9093,120,7.317073171,46.34146341,46.0853,4.87804878,0.636363636,340.45,39.02439024,150,0.5,2,2,198.29,6,0.25,2,180,3,1,6.947959184,6,0.285714286,0.545454545,6.837586207,4,13,2,3,19,2,14,1,1.285714286,0,0.103896104,0.333333333,16,3,12,0.675165517,0,0,5,4,120,0,8,2,31,1,0,2,1,1,32.4878,0,0,2,1,0,4,0,1,1,1,0,1,0,24,16,0,0,19.5798,44.82758621,0,0,1
14,17.2,318.34,196,7.764390244,0.680714634,1.124031707,0.139534884,27.9093,120,7.317073171,46.34146341,46.0853,4.87804878,0.636363636,340.45,39.02439024,150,0.5,2,2,198.29,6,0.25,2,180,3,1,6.947959184,6,0.285714286,0.545454545,6.837586207,4,13,2,3,19,2,14,1,1.285714286,0,0.103896104,0.333333333,16,3,12,0.675165517,0,0,5,4,120,0,8,2,31,1,0,2,1,1,32.4878,0,0,2,1,0,4,0,1,1,1,0,1,0,24,16,0,0,19.5798,44.82758621,0,0,1
15,17,318.34,196,7.764390244,0.680714634,1.124031707,0.139534884,27.9093,120,7.317073171,46.34146341,46.0853,4.87804878,0.636363636,340.45,39.02439024,150,0.5,2,2,198.29,6,0.25,2,180,3,1,6.947959184,6,0.285714286,0.545454545,6.837586207,4,13,2,3,19,2,14,1,1.285714286,0,0.103896104,0.333333333,16,3,12,0.675165517,0,0,5,4,120,0,8,2,31,1,0,2,1,1,32.4878,0,0,2,1,0,4,0,1,1,1,0,1,0,24,16,0,0,19.5798,44.82758621,0,0,1
16,16.8,318.34,196,7.764390244,0.680714634,1.124031707,0.139534884,27.9093,120,7.317073171,46.34146341,46.0853,4.87804878,0.636363636,340.45,39.02439024,150,0.5,2,2,198.29,6,0.25,2,180,3,1,6.947959184,6,0.285714286,0.545454545,6.837586207,4,13,2,3,19,2,14,1,1.285714286,0,0.103896104,0.333333333,16,3,12,0.675165517,0,0,5,4,120,0,8,2,31,1,0,2,1,1,32.4878,0,0,2,1,0,4,0,1,1,1,0,1,0,24,16,0,0,19.5798,44.82758621,0,0,1
17,16.6,318.34,196,7.764390244,0.680714634,1.124031707,0.139534884,27.9093,120,7.317073171,46.34146341,46.0853,4.87804878,0.636363636,340.45,39.02439024,150,0.5,2,2,198.29,6,0.25,2,180,3,1,6.947959184,6,0.285714286,0.545454545,6.837586207,4,13,2,3,19,2,14,1,1.285714286,0,0.103896104,0.333333333,16,3,12,0.675165517,0,0,5,4,120,0,8,2,31,1,0,2,1,1,32.4878,0,0,2,1,0,4,0,1,1,1,0,1,0,24,16,0,0,19.5798,44.82758621,0,0,1
18,16.4,318.34,196,7.764390244,0.680714634,1.124031707,0.139534884,27.9093,120,7.317073171,46.34146341,46.0853,4.87804878,0.636363636,340.45,39.02439024,150,0.5,2,2,198.29,6,0.25,2,180,3,1,6.947959184,6,0.285714286,0.545454545,6.837586207,4,13,2,3,19,2,14,1,1.285714286,0,0.103896104,0.333333333,16,3,12,0.675165517,0,0,5,4,120,0,8,2,31,1,0,2,1,1,32.4878,0,0,2,1,0,4,0,1,1,1,0,1,0,24,16,0,0,19.5798,44.82758621,0,0,1
19,16.2,318.34,196,7.764390244,0.680714634,1.124031707,0.139534884,27.9093,120,7.317073171,46.34146341,46.0853,4.87804878,0.636363636,340.45,39.02439024,150,0.5,2,2,198.29,6,0.25,2,180,3,1,6.947959184,6,0.285714286,0.545454545,6.837586207,4,13,2,3,19,2,14,1,1.285714286,0,0.103896104,0.333333333,16,3,12,0.675165517,0,0,5,4,120,0,8,2,31,1,0,2,1,1,32.4878,0,0,2,1,0,4,0,1,1,1,0,1,0,24,16,0,0,19.5798,44.82758621,0,0,1
20,16,318.34,196,7.764390244,0.680714634,1.124031707,0.139534884,27.9093,120,7.317073171,46.34146341,46.0853,4.87804878,0.636363636,340.45,39.02439024,150,0.5,2,2,198.29,6,0.25,2,180,3,1,6.947959184,6,0.285714286,0.545454545,6.837586207,4,13,2,3,19,2,14,1,1.285714286,0,0.103896104,0.333333333,16,3,12,0.675165517,0,0,5,4,120,0,8,2,31,1,0,2,1,1,32.4878,0,0,2,1,0,4,0,1,1,1,0,1,0,24,16,0,0,19.5798,44.82758621,0,0,1
1,19.8,688.78,196,7.827045455,0.735802273,1.09945,0.127659574,64.7506,120,2.272727273,43.18181818,96.7516,2.272727273,0.84,340.45,50,150,0.75,2,2,198.29,12,0.045454545,2,180,2,2,6.947959184,6,0,0.84,6.837586207,2,44,2,2,38,2,14,2,1,2,0.045714286,1,34,2,42,0.675165517,0,0,4,0,120,0,34,2,79,0,0,6,0,2,32.4878,0,0,0,7,0,8,0,1,2,0,0,0,0,56,44,0,2,19.5798,44.82758621,0,0,1
2,19.6,688.78,196,7.827045455,0.735802273,1.09945,0.127659574,64.7506,120,2.272727273,43.18181818,96.7516,2.272727273,0.84,340.45,50,150,0.75,2,2,198.29,12,0.045454545,2,180,2,2,6.947959184,6,0,0.84,6.837586207,2,44,2,2,38,2,14,2,1,2,0.045714286,1,34,2,42,0.675165517,0,0,4,0,120,0,34,2,79,0,0,6,0,2,32.4878,0,0,0,7,0,8,0,1,2,0,0,0,0,56,44,0,2,19.5798,44.82758621,0,0,1
3,19.4,688.78,196,7.827045455,0.735802273,1.09945,0.127659574,64.7506,120,2.272727273,43.18181818,96.7516,2.272727273,0.84,340.45,50,150,0.75,2,2,198.29,12,0.045454545,2,180,2,2,6.947959184,6,0,0.84,6.837586207,2,44,2,2,38,2,14,2,1,2,0.045714286,1,34,2,42,0.675165517,0,0,4,0,120,0,34,2,79,0,0,6,0,2,32.4878,0,0,0,7,0,8,0,1,2,0,0,0,0,56,44,0,2,19.5798,44.82758621,0,0,1
4,19.2,688.78,196,7.827045455,0.735802273,1.09945,0.127659574,64.7506,120,2.272727273,43.18181818,96.7516,2.272727273,0.84,340.45,50,150,0.75,2,2,198.29,12,0.045454545,2,180,2,2,6.947959184,6,0,0.84,6.837586207,2,44,2,2,38,2,14,2,1,2,0.045714286,1,34,2,42,0.675165517,0,0,4,0,120,0,34,2,79,0,0,6,0,2,32.4878,0,0,0,7,0,8,0,1,2,0,0,0,0,56,44,0,2,19.5798,44.82758621,0,0,1
5,19,688.78,196,7.827045455,0.735802273,1.09945,0.127659574,64.7506,120,2.272727273,43.18181818,96.7516,2.272727273,0.84,340.45,50,150,0.75,2,2,198.29,12,0.045454545,2,180,2,2,6.947959184,6,0,0.84,6.837586207,2,44,2,2,38,2,14,2,1,2,0.045714286,1,34,2,42,0.675165517,0,0,4,0,120,0,34,2,79,0,0,6,0,2,32.4878,0,0,0,7,0,8,0,1,2,0,0,0,0,56,44,0,2,19.5798,44.82758621,0,0,1
6,18.8,688.78,196,7.827045455,0.735802273,1.09945,0.127659574,64.7506,120,2.272727273,43.18181818,96.7516,2.272727273,0.84,340.45,50,150,0.75,2,2,198.29,12,0.045454545,2,180,2,2,6.947959184,6,0,0.84,6.837586207,2,44,2,2,38,2,14,2,1,2,0.045714286,1,34,2,42,0.675165517,0,0,4,0,120,0,34,2,79,0,0,6,0,2,32.4878,0,0,0,7,0,8,0,1,2,0,0,0,0,56,44,0,2,19.5798,44.82758621,0,0,1
7,18.6,688.78,196,7.827045455,0.735802273,1.09945,0.127659574,64.7506,120,2.272727273,43.18181818,96.7516,2.272727273,0.84,340.45,50,150,0.75,2,2,198.29,12,0.045454545,2,180,2,2,6.947959184,6,0,0.84,6.837586207,2,44,2,2,38,2,14,2,1,2,0.045714286,1,34,2,42,0.675165517,0,0,4,0,120,0,34,2,79,0,0,6,0,2,32.4878,0,0,0,7,0,8,0,1,2,0,0,0,0,56,44,0,2,19.5798,44.82758621,0,0,1
8,18.4,688.78,196,7.827045455,0.735802273,1.09945,0.127659574,64.7506,120,2.272727273,43.18181818,96.7516,2.272727273,0.84,340.45,50,150,0.75,2,2,198.29,12,0.045454545,2,180,2,2,6.947959184,6,0,0.84,6.837586207,2,44,2,2,38,2,14,2,1,2,0.045714286,1,34,2,42,0.675165517,0,0,4,0,120,0,34,2,79,0,0,6,0,2,32.4878,0,0,0,7,0,8,0,1,2,0,0,0,0,56,44,0,2,19.5798,44.82758621,0,0,1
9,18.2,688.78,196,7.827045455,0.735802273,1.09945,0.127659574,64.7506,120,2.272727273,43.18181818,96.7516,2.272727273,0.84,340.45,50,150,0.75,2,2,198.29,12,0.045454545,2,180,2,2,6.947959184,6,0,0.84,6.837586207,2,44,2,2,38,2,14,2,1,2,0.045714286,1,34,2,42,0.675165517,0,0,4,0,120,0,34,2,79,0,0,6,0,2,32.4878,0,0,0,7,0,8,0,1,2,0,0,0,0,56,44,0,2,19.5798,44.82758621,0,0,1
10,18,688.78,196,7.827045455,0.735802273,1.09945,0.127659574,64.7506,120,2.272727273,43.18181818,96.7516,2.272727273,0.84,340.45,50,150,0.75,2,2,198.29,12,0.045454545,2,180,2,2,6.947959184,6,0,0.84,6.837586207,2,44,2,2,38,2,14,2,1,2,0.045714286,1,34,2,42,0.675165517,0,0,4,0,120,0,34,2,79,0,0,6,0,2,32.4878,0,0,0,7,0,8,0,1,2,0,0,0,0,56,44,0,2,19.5798,44.82758621,0,0,1
11,17.8,688.78,196,7.827045455,0.735802273,1.09945,0.127659574,64.7506,120,2.272727273,43.18181818,96.7516,2.272727273,0.84,340.45,50,150,0.75,2,2,198.29,12,0.045454545,2,180,2,2,6.947959184,6,0,0.84,6.837586207,2,44,2,2,38,2,14,2,1,2,0.045714286,1,34,2,42,0.675165517,0,0,4,0,120,0,34,2,79,0,0,6,0,2,32.4878,0,0,0,7,0,8,0,1,2,0,0,0,0,56,44,0,2,19.5798,44.82758621,0,0,1
12,17.6,688.78,196,7.827045455,0.735802273,1.09945,0.127659574,64.7506,120,2.272727273,43.18181818,96.7516,2.272727273,0.84,340.45,50,150,0.75,2,2,198.29,12,0.045454545,2,180,2,2,6.947959184,6,0,0.84,6.837586207,2,44,2,2,38,2,14,2,1,2,0.045714286,1,34,2,42,0.675165517,0,0,4,0,120,0,34,2,79,0,0,6,0,2,32.4878,0,0,0,7,0,8,0,1,2,0,0,0,0,56,44,0,2,19.5798,44.82758621,0,0,1
13,17.4,688.78,196,7.827045455,0.735802273,1.09945,0.127659574,64.7506,120,2.272727273,43.18181818,96.7516,2.272727273,0.84,340.45,50,150,0.75,2,2,198.29,12,0.045454545,2,180,2,2,6.947959184,6,0,0.84,6.837586207,2,44,2,2,38,2,14,2,1,2,0.045714286,1,34,2,42,0.675165517,0,0,4,0,120,0,34,2,79,0,0,6,0,2,32.4878,0,0,0,7,0,8,0,1,2,0,0,0,0,56,44,0,2,19.5798,44.82758621,0,0,1
14,17.2,688.78,196,7.827045455,0.735802273,1.09945,0.127659574,64.7506,120,2.272727273,43.18181818,96.7516,2.272727273,0.84,340.45,50,150,0.75,2,2,198.29,12,0.045454545,2,180,2,2,6.947959184,6,0,0.84,6.837586207,2,44,2,2,38,2,14,2,1,2,0.045714286,1,34,2,42,0.675165517,0,0,4,0,120,0,34,2,79,0,0,6,0,2,32.4878,0,0,0,7,0,8,0,1,2,0,0,0,0,56,44,0,2,19.5798,44.82758621,0,0,1
15,17,688.78,196,7.827045455,0.735802273,1.09945,0.127659574,64.7506,120,2.272727273,43.18181818,96.7516,2.272727273,0.84,340.45,50,150,0.75,2,2,198.29,12,0.045454545,2,180,2,2,6.947959184,6,0,0.84,6.837586207,2,44,2,2,38,2,14,2,1,2,0.045714286,1,34,2,42,0.675165517,0,0,4,0,120,0,34,2,79,0,0,6,0,2,32.4878,0,0,0,7,0,8,0,1,2,0,0,0,0,56,44,0,2,19.5798,44.82758621,0,0,1
16,16.8,688.78,196,7.827045455,0.735802273,1.09945,0.127659574,64.7506,120,2.272727273,43.18181818,96.7516,2.272727273,0.84,340.45,50,150,0.75,2,2,198.29,12,0.045454545,2,180,2,2,6.947959184,6,0,0.84,6.837586207,2,44,2,2,38,2,14,2,1,2,0.045714286,1,34,2,42,0.675165517,0,0,4,0,120,0,34,2,79,0,0,6,0,2,32.4878,0,0,0,7,0,8,0,1,2,0,0,0,0,56,44,0,2,19.5798,44.82758621,0,0,1
17,16.6,688.78,196,7.827045455,0.735802273,1.09945,0.127659574,64.7506,120,2.272727273,43.18181818,96.7516,2.272727273,0.84,340.45,50,150,0.75,2,2,198.29,12,0.045454545,2,180,2,2,6.947959184,6,0,0.84,6.837586207,2,44,2,2,38,2,14,2,1,2,0.045714286,1,34,2,42,0.675165517,0,0,4,0,120,0,34,2,79,0,0,6,0,2,32.4878,0,0,0,7,0,8,0,1,2,0,0,0,0,56,44,0,2,19.5798,44.82758621,0,0,1
18,16.4,688.78,196,7.827045455,0.735802273,1.09945,0.127659574,64.7506,120,2.272727273,43.18181818,96.7516,2.272727273,0.84,340.45,50,150,0.75,2,2,198.29,12,0.045454545,2,180,2,2,6.947959184,6,0,0.84,6.837586207,2,44,2,2,38,2,14,2,1,2,0.045714286,1,34,2,42,0.675165517,0,0,4,0,120,0,34,2,79,0,0,6,0,2,32.4878,0,0,0,7,0,8,0,1,2,0,0,0,0,56,44,0,2,19.5798,44.82758621,0,0,1
19,16.2,688.78,196,7.827045455,0.735802273,1.09945,0.127659574,64.7506,120,2.272727273,43.18181818,96.7516,2.272727273,0.84,340.45,50,150,0.75,2,2,198.29,12,0.045454545,2,180,2,2,6.947959184,6,0,0.84,6.837586207,2,44,2,2,38,2,14,2,1,2,0.045714286,1,34,2,42,0.675165517,0,0,4,0,120,0,34,2,79,0,0,6,0,2,32.4878,0,0,0,7,0,8,0,1,2,0,0,0,0,56,44,0,2,19.5798,44.82758621,0,0,1
20,16,688.78,196,7.827045455,0.735802273,1.09945,0.127659574,64.7506,120,2.272727273,43.18181818,96.7516,2.272727273,0.84,340.45,50,150,0.75,2,2,198.29,12,0.045454545,2,180,2,2,6.947959184,6,0,0.84,6.837586207,2,44,2,2,38,2,14,2,1,2,0.045714286,1,34,2,42,0.675165517,0,0,4,0,120,0,34,2,79,0,0,6,0,2,32.4878,0,0,0,7,0,8,0,1,2,0,0,0,0,56,44,0,2,19.5798,44.82758621,0,0,1
1,19.8,720.78,196,8.008666667,0.729551111,1.101893333,0.125,65.6596,120,4.444444444,42.22222222,99.1704,2.222222222,0.807692308,340.45,48.88888889,150,0.724137931,4,2,198.29,12,0.045454545,2,180,4,2,6.947959184,8,0,0.807692308,6.837586207,2,44,2,4,38,2,14,2,1,2,0.043740573,1,32,4,42,0.675165517,2,0,6,0,120,0,32,2,81,0,0,8,0,2,32.4878,0,2,0,7,0,10,0,1,2,0,0,0,0,58,44,0,2,19.5798,44.82758621,0,0,1
2,19.6,720.78,196,8.008666667,0.729551111,1.101893333,0.125,65.6596,120,4.444444444,42.22222222,99.1704,2.222222222,0.807692308,340.45,48.88888889,150,0.724137931,4,2,198.29,12,0.045454545,2,180,4,2,6.947959184,8,0,0.807692308,6.837586207,2,44,2,4,38,2,14,2,1,2,0.043740573,1,32,4,42,0.675165517,2,0,6,0,120,0,32,2,81,0,0,8,0,2,32.4878,0,2,0,7,0,10,0,1,2,0,0,0,0,58,44,0,2,19.5798,44.82758621,0,0,1
3,19.4,720.78,196,8.008666667,0.729551111,1.101893333,0.125,65.6596,120,4.444444444,42.22222222,99.1704,2.222222222,0.807692308,340.45,48.88888889,150,0.724137931,4,2,198.29,12,0.045454545,2,180,4,2,6.947959184,8,0,0.807692308,6.837586207,2,44,2,4,38,2,14,2,1,2,0.043740573,1,32,4,42,0.675165517,2,0,6,0,120,0,32,2,81,0,0,8,0,2,32.4878,0,2,0,7,0,10,0,1,2,0,0,0,0,58,44,0,2,19.5798,44.82758621,0,0,1
4,19.2,720.78,196,8.008666667,0.729551111,1.101893333,0.125,65.6596,120,4.444444444,42.22222222,99.1704,2.222222222,0.807692308,340.45,48.88888889,150,0.724137931,4,2,198.29,12,0.045454545,2,180,4,2,6.947959184,8,0,0.807692308,6.837586207,2,44,2,4,38,2,14,2,1,2,0.043740573,1,32,4,42,0.675165517,2,0,6,0,120,0,32,2,81,0,0,8,0,2,32.4878,0,2,0,7,0,10,0,1,2,0,0,0,0,58,44,0,2,19.5798,44.82758621,0,0,1
5,19,720.78,196,8.008666667,0.729551111,1.101893333,0.125,65.6596,120,4.444444444,42.22222222,99.1704,2.222222222,0.807692308,340.45,48.88888889,150,0.724137931,4,2,198.29,12,0.045454545,2,180,4,2,6.947959184,8,0,0.807692308,6.837586207,2,44,2,4,38,2,14,2,1,2,0.043740573,1,32,4,42,0.675165517,2,0,6,0,120,0,32,2,81,0,0,8,0,2,32.4878,0,2,0,7,0,10,0,1,2,0,0,0,0,58,44,0,2,19.5798,44.82758621,0,0,1
6,18.8,720.78,196,8.008666667,0.729551111,1.101893333,0.125,65.6596,120,4.444444444,42.22222222,99.1704,2.222222222,0.807692308,340.45,48.88888889,150,0.724137931,4,2,198.29,12,0.045454545,2,180,4,2,6.947959184,8,0,0.807692308,6.837586207,2,44,2,4,38,2,14,2,1,2,0.043740573,1,32,4,42,0.675165517,2,0,6,0,120,0,32,2,81,0,0,8,0,2,32.4878,0,2,0,7,0,10,0,1,2,0,0,0,0,58,44,0,2,19.5798,44.82758621,0,0,1
7,18.6,720.78,196,8.008666667,0.729551111,1.101893333,0.125,65.6596,120,4.444444444,42.22222222,99.1704,2.222222222,0.807692308,340.45,48.88888889,150,0.724137931,4,2,198.29,12,0.045454545,2,180,4,2,6.947959184,8,0,0.807692308,6.837586207,2,44,2,4,38,2,14,2,1,2,0.043740573,1,32,4,42,0.675165517,2,0,6,0,120,0,32,2,81,0,0,8,0,2,32.4878,0,2,0,7,0,10,0,1,2,0,0,0,0,58,44,0,2,19.5798,44.82758621,0,0,1
8,18.4,720.78,196,8.008666667,0.729551111,1.101893333,0.125,65.6596,120,4.444444444,42.22222222,99.1704,2.222222222,0.807692308,340.45,48.88888889,150,0.724137931,4,2,198.29,12,0.045454545,2,180,4,2,6.947959184,8,0,0.807692308,6.837586207,2,44,2,4,38,2,14,2,1,2,0.043740573,1,32,4,42,0.675165517,2,0,6,0,120,0,32,2,81,0,0,8,0,2,32.4878,0,2,0,7,0,10,0,1,2,0,0,0,0,58,44,0,2,19.5798,44.82758621,0,0,1
9,18.2,720.78,196,8.008666667,0.729551111,1.101893333,0.125,65.6596,120,4.444444444,42.22222222,99.1704,2.222222222,0.807692308,340.45,48.88888889,150,0.724137931,4,2,198.29,12,0.045454545,2,180,4,2,6.947959184,8,0,0.807692308,6.837586207,2,44,2,4,38,2,14,2,1,2,0.043740573,1,32,4,42,0.675165517,2,0,6,0,120,0,32,2,81,0,0,8,0,2,32.4878,0,2,0,7,0,10,0,1,2,0,0,0,0,58,44,0,2,19.5798,44.82758621,0,0,1
10,18,720.78,196,8.008666667,0.729551111,1.101893333,0.125,65.6596,120,4.444444444,42.22222222,99.1704,2.222222222,0.807692308,340.45,48.88888889,150,0.724137931,4,2,198.29,12,0.045454545,2,180,4,2,6.947959184,8,0,0.807692308,6.837586207,2,44,2,4,38,2,14,2,1,2,0.043740573,1,32,4,42,0.675165517,2,0,6,0,120,0,32,2,81,0,0,8,0,2,32.4878,0,2,0,7,0,10,0,1,2,0,0,0,0,58,44,0,2,19.5798,44.82758621,0,0,1
11,17.8,720.78,196,8.008666667,0.729551111,1.101893333,0.125,65.6596,120,4.444444444,42.22222222,99.1704,2.222222222,0.807692308,340.45,48.88888889,150,0.724137931,4,2,198.29,12,0.045454545,2,180,4,2,6.947959184,8,0,0.807692308,6.837586207,2,44,2,4,38,2,14,2,1,2,0.043740573,1,32,4,42,0.675165517,2,0,6,0,120,0,32,2,81,0,0,8,0,2,32.4878,0,2,0,7,0,10,0,1,2,0,0,0,0,58,44,0,2,19.5798,44.82758621,0,0,1
12,17.6,720.78,196,8.008666667,0.729551111,1.101893333,0.125,65.6596,120,4.444444444,42.22222222,99.1704,2.222222222,0.807692308,340.45,48.88888889,150,0.724137931,4,2,198.29,12,0.045454545,2,180,4,2,6.947959184,8,0,0.807692308,6.837586207,2,44,2,4,38,2,14,2,1,2,0.043740573,1,32,4,42,0.675165517,2,0,6,0,120,0,32,2,81,0,0,8,0,2,32.4878,0,2,0,7,0,10,0,1,2,0,0,0,0,58,44,0,2,19.5798,44.82758621,0,0,1
13,17.4,720.78,196,8.008666667,0.729551111,1.101893333,0.125,65.6596,120,4.444444444,42.22222222,99.1704,2.222222222,0.807692308,340.45,48.88888889,150,0.724137931,4,2,198.29,12,0.045454545,2,180,4,2,6.947959184,8,0,0.807692308,6.837586207,2,44,2,4,38,2,14,2,1,2,0.043740573,1,32,4,42,0.675165517,2,0,6,0,120,0,32,2,81,0,0,8,0,2,32.4878,0,2,0,7,0,10,0,1,2,0,0,0,0,58,44,0,2,19.5798,44.82758621,0,0,1
14,17.2,720.78,196,8.008666667,0.729551111,1.101893333,0.125,65.6596,120,4.444444444,42.22222222,99.1704,2.222222222,0.807692308,340.45,48.88888889,150,0.724137931,4,2,198.29,12,0.045454545,2,180,4,2,6.947959184,8,0,0.807692308,6.837586207,2,44,2,4,38,2,14,2,1,2,0.043740573,1,32,4,42,0.675165517,2,0,6,0,120,0,32,2,81,0,0,8,0,2,32.4878,0,2,0,7,0,10,0,1,2,0,0,0,0,58,44,0,2,19.5798,44.82758621,0,0,1
15,17,720.78,196,8.008666667,0.729551111,1.101893333,0.125,65.6596,120,4.444444444,42.22222222,99.1704,2.222222222,0.807692308,340.45,48.88888889,150,0.724137931,4,2,198.29,12,0.045454545,2,180,4,2,6.947959184,8,0,0.807692308,6.837586207,2,44,2,4,38,2,14,2,1,2,0.043740573,1,32,4,42,0.675165517,2,0,6,0,120,0,32,2,81,0,0,8,0,2,32.4878,0,2,0,7,0,10,0,1,2,0,0,0,0,58,44,0,2,19.5798,44.82758621,0,0,1
16,16.8,720.78,196,8.008666667,0.729551111,1.101893333,0.125,65.6596,120,4.444444444,42.22222222,99.1704,2.222222222,0.807692308,340.45,48.88888889,150,0.724137931,4,2,198.29,12,0.045454545,2,180,4,2,6.947959184,8,0,0.807692308,6.837586207,2,44,2,4,38,2,14,2,1,2,0.043740573,1,32,4,42,0.675165517,2,0,6,0,120,0,32,2,81,0,0,8,0,2,32.4878,0,2,0,7,0,10,0,1,2,0,0,0,0,58,44,0,2,19.5798,44.82758621,0,0,1
17,16.6,720.78,196,8.008666667,0.729551111,1.101893333,0.125,65.6596,120,4.444444444,42.22222222,99.1704,2.222222222,0.807692308,340.45,48.88888889,150,0.724137931,4,2,198.29,12,0.045454545,2,180,4,2,6.947959184,8,0,0.807692308,6.837586207,2,44,2,4,38,2,14,2,1,2,0.043740573,1,32,4,42,0.675165517,2,0,6,0,120,0,32,2,81,0,0,8,0,2,32.4878,0,2,0,7,0,10,0,1,2,0,0,0,0,58,44,0,2,19.5798,44.82758621,0,0,1
18,16.4,720.78,196,8.008666667,0.729551111,1.101893333,0.125,65.6596,120,4.444444444,42.22222222,99.1704,2.222222222,0.807692308,340.45,48.88888889,150,0.724137931,4,2,198.29,12,0.045454545,2,180,4,2,6.947959184,8,0,0.807692308,6.837586207,2,44,2,4,38,2,14,2,1,2,0.043740573,1,32,4,42,0.675165517,2,0,6,0,120,0,32,2,81,0,0,8,0,2,32.4878,0,2,0,7,0,10,0,1,2,0,0,0,0,58,44,0,2,19.5798,44.82758621,0,0,1
19,16.2,720.78,196,8.008666667,0.729551111,1.101893333,0.125,65.6596,120,4.444444444,42.22222222,99.1704,2.222222222,0.807692308,340.45,48.88888889,150,0.724137931,4,2,198.29,12,0.045454545,2,180,4,2,6.947959184,8,0,0.807692308,6.837586207,2,44,2,4,38,2,14,2,1,2,0.043740573,1,32,4,42,0.675165517,2,0,6,0,120,0,32,2,81,0,0,8,0,2,32.4878,0,2,0,7,0,10,0,1,2,0,0,0,0,58,44,0,2,19.5798,44.82758621,0,0,1
20,16,720.78,196,8.008666667,0.729551111,1.101893333,0.125,65.6596,120,4.444444444,42.22222222,99.1704,2.222222222,0.807692308,340.45,48.88888889,150,0.724137931,4,2,198.29,12,0.045454545,2,180,4,2,6.947959184,8,0,0.807692308,6.837586207,2,44,2,4,38,2,14,2,1,2,0.043740573,1,32,4,42,0.675165517,2,0,6,0,120,0,32,2,81,0,0,8,0,2,32.4878,0,2,0,7,0,10,0,1,2,0,0,0,0,58,44,0,2,19.5798,44.82758621,0,0,1
1,19.8,748.74,196,8.508409091,0.739156818,1.099531818,0.083333333,65.0458,120,6.818181818,38.63636364,96.7588,2.272727273,0.851851852,340.45,50,150,0.677419355,4,2,198.29,8,0.045454545,2,180,4,2,6.947959184,10,0.173913043,0.777777778,6.837586207,2,44,2,6,34,2,14,2,1.173913043,2,0.043326345,0.555555556,28,4,42,0.675165517,2,0,8,0,120,0,28,6,85,0,0,8,0,2,32.4878,0,2,4,5,0,14,0,1,2,0,0,0,0,62,44,0,2,19.5798,44.82758621,0,0,1
2,19.6,748.74,196,8.508409091,0.739156818,1.099531818,0.083333333,65.0458,120,6.818181818,38.63636364,96.7588,2.272727273,0.851851852,340.45,50,150,0.677419355,4,2,198.29,8,0.045454545,2,180,4,2,6.947959184,10,0.173913043,0.777777778,6.837586207,2,44,2,6,34,2,14,2,1.173913043,2,0.043326345,0.555555556,28,4,42,0.675165517,2,0,8,0,120,0,28,6,85,0,0,8,0,2,32.4878,0,2,4,5,0,14,0,1,2,0,0,0,0,62,44,0,2,19.5798,44.82758621,0,0,1
3,19.4,748.74,196,8.508409091,0.739156818,1.099531818,0.083333333,65.0458,120,6.818181818,38.63636364,96.7588,2.272727273,0.851851852,340.45,50,150,0.677419355,4,2,198.29,8,0.045454545,2,180,4,2,6.947959184,10,0.173913043,0.777777778,6.837586207,2,44,2,6,34,2,14,2,1.173913043,2,0.043326345,0.555555556,28,4,42,0.675165517,2,0,8,0,120,0,28,6,85,0,0,8,0,2,32.4878,0,2,4,5,0,14,0,1,2,0,0,0,0,62,44,0,2,19.5798,44.82758621,0,0,1
4,19.2,748.74,196,8.508409091,0.739156818,1.099531818,0.083333333,65.0458,120,6.818181818,38.63636364,96.7588,2.272727273,0.851851852,340.45,50,150,0.677419355,4,2,198.29,8,0.045454545,2,180,4,2,6.947959184,10,0.173913043,0.777777778,6.837586207,2,44,2,6,34,2,14,2,1.173913043,2,0.043326345,0.555555556,28,4,42,0.675165517,2,0,8,0,120,0,28,6,85,0,0,8,0,2,32.4878,0,2,4,5,0,14,0,1,2,0,0,0,0,62,44,0,2,19.5798,44.82758621,0,0,1
5,19,748.74,196,8.508409091,0.739156818,1.099531818,0.083333333,65.0458,120,6.818181818,38.63636364,96.7588,2.272727273,0.851851852,340.45,50,150,0.677419355,4,2,198.29,8,0.045454545,2,180,4,2,6.947959184,10,0.173913043,0.777777778,6.837586207,2,44,2,6,34,2,14,2,1.173913043,2,0.043326345,0.555555556,28,4,42,0.675165517,2,0,8,0,120,0,28,6,85,0,0,8,0,2,32.4878,0,2,4,5,0,14,0,1,2,0,0,0,0,62,44,0,2,19.5798,44.82758621,0,0,1
6,18.8,748.74,196,8.508409091,0.739156818,1.099531818,0.083333333,65.0458,120,6.818181818,38.63636364,96.7588,2.272727273,0.851851852,340.45,50,150,0.677419355,4,2,198.29,8,0.045454545,2,180,4,2,6.947959184,10,0.173913043,0.777777778,6.837586207,2,44,2,6,34,2,14,2,1.173913043,2,0.043326345,0.555555556,28,4,42,0.675165517,2,0,8,0,120,0,28,6,85,0,0,8,0,2,32.4878,0,2,4,5,0,14,0,1,2,0,0,0,0,62,44,0,2,19.5798,44.82758621,0,0,1
7,18.6,748.74,196,8.508409091,0.739156818,1.099531818,0.083333333,65.0458,120,6.818181818,38.63636364,96.7588,2.272727273,0.851851852,340.45,50,150,0.677419355,4,2,198.29,8,0.045454545,2,180,4,2,6.947959184,10,0.173913043,0.777777778,6.837586207,2,44,2,6,34,2,14,2,1.173913043,2,0.043326345,0.555555556,28,4,42,0.675165517,2,0,8,0,120,0,28,6,85,0,0,8,0,2,32.4878,0,2,4,5,0,14,0,1,2,0,0,0,0,62,44,0,2,19.5798,44.82758621,0,0,1
8,18.4,748.74,196,8.508409091,0.739156818,1.099531818,0.083333333,65.0458,120,6.818181818,38.63636364,96.7588,2.272727273,0.851851852,340.45,50,150,0.677419355,4,2,198.29,8,0.045454545,2,180,4,2,6.947959184,10,0.173913043,0.777777778,6.837586207,2,44,2,6,34,2,14,2,1.173913043,2,0.043326345,0.555555556,28,4,42,0.675165517,2,0,8,0,120,0,28,6,85,0,0,8,0,2,32.4878,0,2,4,5,0,14,0,1,2,0,0,0,0,62,44,0,2,19.5798,44.82758621,0,0,1
9,18.2,748.74,196,8.508409091,0.739156818,1.099531818,0.083333333,65.0458,120,6.818181818,38.63636364,96.7588,2.272727273,0.851851852,340.45,50,150,0.677419355,4,2,198.29,8,0.045454545,2,180,4,2,6.947959184,10,0.173913043,0.777777778,6.837586207,2,44,2,6,34,2,14,2,1.173913043,2,0.043326345,0.555555556,28,4,42,0.675165517,2,0,8,0,120,0,28,6,85,0,0,8,0,2,32.4878,0,2,4,5,0,14,0,1,2,0,0,0,0,62,44,0,2,19.5798,44.82758621,0,0,1
10,18,748.74,196,8.508409091,0.739156818,1.099531818,0.083333333,65.0458,120,6.818181818,38.63636364,96.7588,2.272727273,0.851851852,340.45,50,150,0.677419355,4,2,198.29,8,0.045454545,2,180,4,2,6.947959184,10,0.173913043,0.777777778,6.837586207,2,44,2,6,34,2,14,2,1.173913043,2,0.043326345,0.555555556,28,4,42,0.675165517,2,0,8,0,120,0,28,6,85,0,0,8,0,2,32.4878,0,2,4,5,0,14,0,1,2,0,0,0,0,62,44,0,2,19.5798,44.82758621,0,0,1
11,17.8,748.74,196,8.508409091,0.739156818,1.099531818,0.083333333,65.0458,120,6.818181818,38.63636364,96.7588,2.272727273,0.851851852,340.45,50,150,0.677419355,4,2,198.29,8,0.045454545,2,180,4,2,6.947959184,10,0.173913043,0.777777778,6.837586207,2,44,2,6,34,2,14,2,1.173913043,2,0.043326345,0.555555556,28,4,42,0.675165517,2,0,8,0,120,0,28,6,85,0,0,8,0,2,32.4878,0,2,4,5,0,14,0,1,2,0,0,0,0,62,44,0,2,19.5798,44.82758621,0,0,1
12,17.6,748.74,196,8.508409091,0.739156818,1.099531818,0.083333333,65.0458,120,6.818181818,38.63636364,96.7588,2.272727273,0.851851852,340.45,50,150,0.677419355,4,2,198.29,8,0.045454545,2,180,4,2,6.947959184,10,0.173913043,0.777777778,6.837586207,2,44,2,6,34,2,14,2,1.173913043,2,0.043326345,0.555555556,28,4,42,0.675165517,2,0,8,0,120,0,28,6,85,0,0,8,0,2,32.4878,0,2,4,5,0,14,0,1,2,0,0,0,0,62,44,0,2,19.5798,44.82758621,0,0,1
13,17.4,748.74,196,8.508409091,0.739156818,1.099531818,0.083333333,65.0458,120,6.818181818,38.63636364,96.7588,2.272727273,0.851851852,340.45,50,150,0.677419355,4,2,198.29,8,0.045454545,2,180,4,2,6.947959184,10,0.173913043,0.777777778,6.837586207,2,44,2,6,34,2,14,2,1.173913043,2,0.043326345,0.555555556,28,4,42,0.675165517,2,0,8,0,120,0,28,6,85,0,0,8,0,2,32.4878,0,2,4,5,0,14,0,1,2,0,0,0,0,62,44,0,2,19.5798,44.82758621,0,0,1
14,17.2,748.74,196,8.508409091,0.739156818,1.099531818,0.083333333,65.0458,120,6.818181818,38.63636364,96.7588,2.272727273,0.851851852,340.45,50,150,0.677419355,4,2,198.29,8,0.045454545,2,180,4,2,6.947959184,10,0.173913043,0.777777778,6.837586207,2,44,2,6,34,2,14,2,1.173913043,2,0.043326345,0.555555556,28,4,42,0.675165517,2,0,8,0,120,0,28,6,85,0,0,8,0,2,32.4878,0,2,4,5,0,14,0,1,2,0,0,0,0,62,44,0,2,19.5798,44.82758621,0,0,1
15,17,748.74,196,8.508409091,0.739156818,1.099531818,0.083333333,65.0458,120,6.818181818,38.63636364,96.7588,2.272727273,0.851851852,340.45,50,150,0.677419355,4,2,198.29,8,0.045454545,2,180,4,2,6.947959184,10,0.173913043,0.777777778,6.837586207,2,44,2,6,34,2,14,2,1.173913043,2,0.043326345,0.555555556,28,4,42,0.675165517,2,0,8,0,120,0,28,6,85,0,0,8,0,2,32.4878,0,2,4,5,0,14,0,1,2,0,0,0,0,62,44,0,2,19.5798,44.82758621,0,0,1
16,16.8,748.74,196,8.508409091,0.739156818,1.099531818,0.083333333,65.0458,120,6.818181818,38.63636364,96.7588,2.272727273,0.851851852,340.45,50,150,0.677419355,4,2,198.29,8,0.045454545,2,180,4,2,6.947959184,10,0.173913043,0.777777778,6.837586207,2,44,2,6,34,2,14,2,1.173913043,2,0.043326345,0.555555556,28,4,42,0.675165517,2,0,8,0,120,0,28,6,85,0,0,8,0,2,32.4878,0,2,4,5,0,14,0,1,2,0,0,0,0,62,44,0,2,19.5798,44.82758621,0,0,1
17,16.6,748.74,196,8.508409091,0.739156818,1.099531818,0.083333333,65.0458,120,6.818181818,38.63636364,96.7588,2.272727273,0.851851852,340.45,50,150,0.677419355,4,2,198.29,8,0.045454545,2,180,4,2,6.947959184,10,0.173913043,0.777777778,6.837586207,2,44,2,6,34,2,14,2,1.173913043,2,0.043326345,0.555555556,28,4,42,0.675165517,2,0,8,0,120,0,28,6,85,0,0,8,0,2,32.4878,0,2,4,5,0,14,0,1,2,0,0,0,0,62,44,0,2,19.5798,44.82758621,0,0,1
18,16.4,748.74,196,8.508409091,0.739156818,1.099531818,0.083333333,65.0458,120,6.818181818,38.63636364,96.7588,2.272727273,0.851851852,340.45,50,150,0.677419355,4,2,198.29,8,0.045454545,2,180,4,2,6.947959184,10,0.173913043,0.777777778,6.837586207,2,44,2,6,34,2,14,2,1.173913043,2,0.043326345,0.555555556,28,4,42,0.675165517,2,0,8,0,120,0,28,6,85,0,0,8,0,2,32.4878,0,2,4,5,0,14,0,1,2,0,0,0,0,62,44,0,2,19.5798,44.82758621,0,0,1
19,16.2,748.74,196,8.508409091,0.739156818,1.099531818,0.083333333,65.0458,120,6.818181818,38.63636364,96.7588,2.272727273,0.851851852,340.45,50,150,0.677419355,4,2,198.29,8,0.045454545,2,180,4,2,6.947959184,10,0.173913043,0.777777778,6.837586207,2,44,2,6,34,2,14,2,1.173913043,2,0.043326345,0.555555556,28,4,42,0.675165517,2,0,8,0,120,0,28,6,85,0,0,8,0,2,32.4878,0,2,4,5,0,14,0,1,2,0,0,0,0,62,44,0,2,19.5798,44.82758621,0,0,1
20,16,748.74,196,8.508409091,0.739156818,1.099531818,0.083333333,65.0458,120,6.818181818,38.63636364,96.7588,2.272727273,0.851851852,340.45,50,150,0.677419355,4,2,198.29,8,0.045454545,2,180,4,2,6.947959184,10,0.173913043,0.777777778,6.837586207,2,44,2,6,34,2,14,2,1.173913043,2,0.043326345,0.555555556,28,4,42,0.675165517,2,0,8,0,120,0,28,6,85,0,0,8,0,2,32.4878,0,2,4,5,0,14,0,1,2,0,0,0,0,62,44,0,2,19.5798,44.82758621,0,0,1
1,19.8,348.4,196,7.573913043,0.716656522,1.102384783,0.083333333,32.9662,120,4.347826087,45.65217391,50.7097,0,0.72,340.45,47.82608696,150,0.666666667,5,2,198.29,4,0.136363636,2,180,0,2,6.947959184,3,0,0.72,6.837586207,3,20,0,2,21,2,22,1,1,0,0.09,1,12,0,18,0.675165517,0,0,2,0,120,0,12,4,38,3,0,2,0,2,32.4878,0,0,0,3,9,6,0,1,1,0,0,0,0,27,22,0,1,19.5798,44.82758621,0,3,1
2,19.6,348.4,196,7.573913043,0.716656522,1.102384783,0.083333333,32.9662,120,4.347826087,45.65217391,50.7097,0,0.72,340.45,47.82608696,150,0.666666667,5,2,198.29,4,0.136363636,2,180,0,2,6.947959184,3,0,0.72,6.837586207,3,20,0,2,21,2,22,1,1,0,0.09,1,12,0,18,0.675165517,0,0,2,0,120,0,12,4,38,3,0,2,0,2,32.4878,0,0,0,3,9,6,0,1,1,0,0,0,0,27,22,0,1,19.5798,44.82758621,0,3,1
3,19.4,348.4,196,7.573913043,0.716656522,1.102384783,0.083333333,32.9662,120,4.347826087,45.65217391,50.7097,0,0.72,340.45,47.82608696,150,0.666666667,5,2,198.29,4,0.136363636,2,180,0,2,6.947959184,3,0,0.72,6.837586207,3,20,0,2,21,2,22,1,1,0,0.09,1,12,0,18,0.675165517,0,0,2,0,120,0,12,4,38,3,0,2,0,2,32.4878,0,0,0,3,9,6,0,1,1,0,0,0,0,27,22,0,1,19.5798,44.82758621,0,3,1
4,19.2,348.4,196,7.573913043,0.716656522,1.102384783,0.083333333,32.9662,120,4.347826087,45.65217391,50.7097,0,0.72,340.45,47.82608696,150,0.666666667,5,2,198.29,4,0.136363636,2,180,0,2,6.947959184,3,0,0.72,6.837586207,3,20,0,2,21,2,22,1,1,0,0.09,1,12,0,18,0.675165517,0,0,2,0,120,0,12,4,38,3,0,2,0,2,32.4878,0,0,0,3,9,6,0,1,1,0,0,0,0,27,22,0,1,19.5798,44.82758621,0,3,1
5,19,348.4,196,7.573913043,0.716656522,1.102384783,0.083333333,32.9662,120,4.347826087,45.65217391,50.7097,0,0.72,340.45,47.82608696,150,0.666666667,5,2,198.29,4,0.136363636,2,180,0,2,6.947959184,3,0,0.72,6.837586207,3,20,0,2,21,2,22,1,1,0,0.09,1,12,0,18,0.675165517,0,0,2,0,120,0,12,4,38,3,0,2,0,2,32.4878,0,0,0,3,9,6,0,1,1,0,0,0,0,27,22,0,1,19.5798,44.82758621,0,3,1
6,18.8,348.4,196,7.573913043,0.716656522,1.102384783,0.083333333,32.9662,120,4.347826087,45.65217391,50.7097,0,0.72,340.45,47.82608696,150,0.666666667,5,2,198.29,4,0.136363636,2,180,0,2,6.947959184,3,0,0.72,6.837586207,3,20,0,2,21,2,22,1,1,0,0.09,1,12,0,18,0.675165517,0,0,2,0,120,0,12,4,38,3,0,2,0,2,32.4878,0,0,0,3,9,6,0,1,1,0,0,0,0,27,22,0,1,19.5798,44.82758621,0,3,1
7,18.6,348.4,196,7.573913043,0.716656522,1.102384783,0.083333333,32.9662,120,4.347826087,45.65217391,50.7097,0,0.72,340.45,47.82608696,150,0.666666667,5,2,198.29,4,0.136363636,2,180,0,2,6.947959184,3,0,0.72,6.837586207,3,20,0,2,21,2,22,1,1,0,0.09,1,12,0,18,0.675165517,0,0,2,0,120,0,12,4,38,3,0,2,0,2,32.4878,0,0,0,3,9,6,0,1,1,0,0,0,0,27,22,0,1,19.5798,44.82758621,0,3,1
8,18.4,348.4,196,7.573913043,0.716656522,1.102384783,0.083333333,32.9662,120,4.347826087,45.65217391,50.7097,0,0.72,340.45,47.82608696,150,0.666666667,5,2,198.29,4,0.136363636,2,180,0,2,6.947959184,3,0,0.72,6.837586207,3,20,0,2,21,2,22,1,1,0,0.09,1,12,0,18,0.675165517,0,0,2,0,120,0,12,4,38,3,0,2,0,2,32.4878,0,0,0,3,9,6,0,1,1,0,0,0,0,27,22,0,1,19.5798,44.82758621,0,3,1
9,18.2,348.4,196,7.573913043,0.716656522,1.102384783,0.083333333,32.9662,120,4.347826087,45.65217391,50.7097,0,0.72,340.45,47.82608696,150,0.666666667,5,2,198.29,4,0.136363636,2,180,0,2,6.947959184,3,0,0.72,6.837586207,3,20,0,2,21,2,22,1,1,0,0.09,1,12,0,18,0.675165517,0,0,2,0,120,0,12,4,38,3,0,2,0,2,32.4878,0,0,0,3,9,6,0,1,1,0,0,0,0,27,22,0,1,19.5798,44.82758621,0,3,1
10,18,348.4,196,7.573913043,0.716656522,1.102384783,0.083333333,32.9662,120,4.347826087,45.65217391,50.7097,0,0.72,340.45,47.82608696,150,0.666666667,5,2,198.29,4,0.136363636,2,180,0,2,6.947959184,3,0,0.72,6.837586207,3,20,0,2,21,2,22,1,1,0,0.09,1,12,0,18,0.675165517,0,0,2,0,120,0,12,4,38,3,0,2,0,2,32.4878,0,0,0,3,9,6,0,1,1,0,0,0,0,27,22,0,1,19.5798,44.82758621,0,3,1
11,17.8,348.4,196,7.573913043,0.716656522,1.102384783,0.083333333,32.9662,120,4.347826087,45.65217391,50.7097,0,0.72,340.45,47.82608696,150,0.666666667,5,2,198.29,4,0.136363636,2,180,0,2,6.947959184,3,0,0.72,6.837586207,3,20,0,2,21,2,22,1,1,0,0.09,1,12,0,18,0.675165517,0,0,2,0,120,0,12,4,38,3,0,2,0,2,32.4878,0,0,0,3,9,6,0,1,1,0,0,0,0,27,22,0,1,19.5798,44.82758621,0,3,1
12,17.6,348.4,196,7.573913043,0.716656522,1.102384783,0.083333333,32.9662,120,4.347826087,45.65217391,50.7097,0,0.72,340.45,47.82608696,150,0.666666667,5,2,198.29,4,0.136363636,2,180,0,2,6.947959184,3,0,0.72,6.837586207,3,20,0,2,21,2,22,1,1,0,0.09,1,12,0,18,0.675165517,0,0,2,0,120,0,12,4,38,3,0,2,0,2,32.4878,0,0,0,3,9,6,0,1,1,0,0,0,0,27,22,0,1,19.5798,44.82758621,0,3,1
13,17.4,348.4,196,7.573913043,0.716656522,1.102384783,0.083333333,32.9662,120,4.347826087,45.65217391,50.7097,0,0.72,340.45,47.82608696,150,0.666666667,5,2,198.29,4,0.136363636,2,180,0,2,6.947959184,3,0,0.72,6.837586207,3,20,0,2,21,2,22,1,1,0,0.09,1,12,0,18,0.675165517,0,0,2,0,120,0,12,4,38,3,0,2,0,2,32.4878,0,0,0,3,9,6,0,1,1,0,0,0,0,27,22,0,1,19.5798,44.82758621,0,3,1
14,17.2,348.4,196,7.573913043,0.716656522,1.102384783,0.083333333,32.9662,120,4.347826087,45.65217391,50.7097,0,0.72,340.45,47.82608696,150,0.666666667,5,2,198.29,4,0.136363636,2,180,0,2,6.947959184,3,0,0.72,6.837586207,3,20,0,2,21,2,22,1,1,0,0.09,1,12,0,18,0.675165517,0,0,2,0,120,0,12,4,38,3,0,2,0,2,32.4878,0,0,0,3,9,6,0,1,1,0,0,0,0,27,22,0,1,19.5798,44.82758621,0,3,1
15,17,348.4,196,7.573913043,0.716656522,1.102384783,0.083333333,32.9662,120,4.347826087,45.65217391,50.7097,0,0.72,340.45,47.82608696,150,0.666666667,5,2,198.29,4,0.136363636,2,180,0,2,6.947959184,3,0,0.72,6.837586207,3,20,0,2,21,2,22,1,1,0,0.09,1,12,0,18,0.675165517,0,0,2,0,120,0,12,4,38,3,0,2,0,2,32.4878,0,0,0,3,9,6,0,1,1,0,0,0,0,27,22,0,1,19.5798,44.82758621,0,3,1
16,16.8,348.4,196,7.573913043,0.716656522,1.102384783,0.083333333,32.9662,120,4.347826087,45.65217391,50.7097,0,0.72,340.45,47.82608696,150,0.666666667,5,2,198.29,4,0.136363636,2,180,0,2,6.947959184,3,0,0.72,6.837586207,3,20,0,2,21,2,22,1,1,0,0.09,1,12,0,18,0.675165517,0,0,2,0,120,0,12,4,38,3,0,2,0,2,32.4878,0,0,0,3,9,6,0,1,1,0,0,0,0,27,22,0,1,19.5798,44.82758621,0,3,1
17,16.6,348.4,196,7.573913043,0.716656522,1.102384783,0.083333333,32.9662,120,4.347826087,45.65217391,50.7097,0,0.72,340.45,47.82608696,150,0.666666667,5,2,198.29,4,0.136363636,2,180,0,2,6.947959184,3,0,0.72,6.837586207,3,20,0,2,21,2,22,1,1,0,0.09,1,12,0,18,0.675165517,0,0,2,0,120,0,12,4,38,3,0,2,0,2,32.4878,0,0,0,3,9,6,0,1,1,0,0,0,0,27,22,0,1,19.5798,44.82758621,0,3,1
18,16.4,348.4,196,7.573913043,0.716656522,1.102384783,0.083333333,32.9662,120,4.347826087,45.65217391,50.7097,0,0.72,340.45,47.82608696,150,0.666666667,5,2,198.29,4,0.136363636,2,180,0,2,6.947959184,3,0,0.72,6.837586207,3,20,0,2,21,2,22,1,1,0,0.09,1,12,0,18,0.675165517,0,0,2,0,120,0,12,4,38,3,0,2,0,2,32.4878,0,0,0,3,9,6,0,1,1,0,0,0,0,27,22,0,1,19.5798,44.82758621,0,3,1
19,16.2,348.4,196,7.573913043,0.716656522,1.102384783,0.083333333,32.9662,120,4.347826087,45.65217391,50.7097,0,0.72,340.45,47.82608696,150,0.666666667,5,2,198.29,4,0.136363636,2,180,0,2,6.947959184,3,0,0.72,6.837586207,3,20,0,2,21,2,22,1,1,0,0.09,1,12,0,18,0.675165517,0,0,2,0,120,0,12,4,38,3,0,2,0,2,32.4878,0,0,0,3,9,6,0,1,1,0,0,0,0,27,22,0,1,19.5798,44.82758621,0,3,1
20,16,348.4,196,7.573913043,0.716656522,1.102384783,0.083333333,32.9662,120,4.347826087,45.65217391,50.7097,0,0.72,340.45,47.82608696,150,0.666666667,5,2,198.29,4,0.136363636,2,180,0,2,6.947959184,3,0,0.72,6.837586207,3,20,0,2,21,2,22,1,1,0,0.09,1,12,0,18,0.675165517,0,0,2,0,120,0,12,4,38,3,0,2,0,2,32.4878,0,0,0,3,9,6,0,1,1,0,0,0,0,27,22,0,1,19.5798,44.82758621,0,3,1
1,19.8,1030.82,196,10.85073684,0.749642105,1.132750526,0.063157895,71.216,120,11.57894737,31.57894737,107.6113,0,0.553846154,340.45,41.05263158,150,0.553846154,20,2,198.29,6,0.076923077,2,180,0,8,6.947959184,26,0,0.553846154,6.837586207,3,44,0,11,30,2,20,2,1,0,0.03125,1,30,0,36,0.675165517,0,0,20,0,120,0,30,0,91,0,0,6,0,8,32.4878,0,0,0,6,0,6,0,1,6,0,0,0,0,65,39,0,2,19.5798,44.82758621,0,0,1
2,19.6,1030.82,196,10.85073684,0.749642105,1.132750526,0.063157895,71.216,120,11.57894737,31.57894737,107.6113,0,0.553846154,340.45,41.05263158,150,0.553846154,20,2,198.29,6,0.076923077,2,180,0,8,6.947959184,26,0,0.553846154,6.837586207,3,44,0,11,30,2,20,2,1,0,0.03125,1,30,0,36,0.675165517,0,0,20,0,120,0,30,0,91,0,0,6,0,8,32.4878,0,0,0,6,0,6,0,1,6,0,0,0,0,65,39,0,2,19.5798,44.82758621,0,0,1
3,19.4,1030.82,196,10.85073684,0.749642105,1.132750526,0.063157895,71.216,120,11.57894737,31.57894737,107.6113,0,0.553846154,340.45,41.05263158,150,0.553846154,20,2,198.29,6,0.076923077,2,180,0,8,6.947959184,26,0,0.553846154,6.837586207,3,44,0,11,30,2,20,2,1,0,0.03125,1,30,0,36,0.675165517,0,0,20,0,120,0,30,0,91,0,0,6,0,8,32.4878,0,0,0,6,0,6,0,1,6,0,0,0,0,65,39,0,2,19.5798,44.82758621,0,0,1
4,19.2,1030.82,196,10.85073684,0.749642105,1.132750526,0.063157895,71.216,120,11.57894737,31.57894737,107.6113,0,0.553846154,340.45,41.05263158,150,0.553846154,20,2,198.29,6,0.076923077,2,180,0,8,6.947959184,26,0,0.553846154,6.837586207,3,44,0,11,30,2,20,2,1,0,0.03125,1,30,0,36,0.675165517,0,0,20,0,120,0,30,0,91,0,0,6,0,8,32.4878,0,0,0,6,0,6,0,1,6,0,0,0,0,65,39,0,2,19.5798,44.82758621,0,0,1
5,19,1030.82,196,10.85073684,0.749642105,1.132750526,0.063157895,71.216,120,11.57894737,31.57894737,107.6113,0,0.553846154,340.45,41.05263158,150,0.553846154,20,2,198.29,6,0.076923077,2,180,0,8,6.947959184,26,0,0.553846154,6.837586207,3,44,0,11,30,2,20,2,1,0,0.03125,1,30,0,36,0.675165517,0,0,20,0,120,0,30,0,91,0,0,6,0,8,32.4878,0,0,0,6,0,6,0,1,6,0,0,0,0,65,39,0,2,19.5798,44.82758621,0,0,1
6,18.8,1030.82,196,10.85073684,0.749642105,1.132750526,0.063157895,71.216,120,11.57894737,31.57894737,107.6113,0,0.553846154,340.45,41.05263158,150,0.553846154,20,2,198.29,6,0.076923077,2,180,0,8,6.947959184,26,0,0.553846154,6.837586207,3,44,0,11,30,2,20,2,1,0,0.03125,1,30,0,36,0.675165517,0,0,20,0,120,0,30,0,91,0,0,6,0,8,32.4878,0,0,0,6,0,6,0,1,6,0,0,0,0,65,39,0,2,19.5798,44.82758621,0,0,1
7,18.6,1030.82,196,10.85073684,0.749642105,1.132750526,0.063157895,71.216,120,11.57894737,31.57894737,107.6113,0,0.553846154,340.45,41.05263158,150,0.553846154,20,2,198.29,6,0.076923077,2,180,0,8,6.947959184,26,0,0.553846154,6.837586207,3,44,0,11,30,2,20,2,1,0,0.03125,1,30,0,36,0.675165517,0,0,20,0,120,0,30,0,91,0,0,6,0,8,32.4878,0,0,0,6,0,6,0,1,6,0,0,0,0,65,39,0,2,19.5798,44.82758621,0,0,1
8,18.4,1030.82,196,10.85073684,0.749642105,1.132750526,0.063157895,71.216,120,11.57894737,31.57894737,107.6113,0,0.553846154,340.45,41.05263158,150,0.553846154,20,2,198.29,6,0.076923077,2,180,0,8,6.947959184,26,0,0.553846154,6.837586207,3,44,0,11,30,2,20,2,1,0,0.03125,1,30,0,36,0.675165517,0,0,20,0,120,0,30,0,91,0,0,6,0,8,32.4878,0,0,0,6,0,6,0,1,6,0,0,0,0,65,39,0,2,19.5798,44.82758621,0,0,1
9,18.2,1030.82,196,10.85073684,0.749642105,1.132750526,0.063157895,71.216,120,11.57894737,31.57894737,107.6113,0,0.553846154,340.45,41.05263158,150,0.553846154,20,2,198.29,6,0.076923077,2,180,0,8,6.947959184,26,0,0.553846154,6.837586207,3,44,0,11,30,2,20,2,1,0,0.03125,1,30,0,36,0.675165517,0,0,20,0,120,0,30,0,91,0,0,6,0,8,32.4878,0,0,0,6,0,6,0,1,6,0,0,0,0,65,39,0,2,19.5798,44.82758621,0,0,1
10,18,1030.82,196,10.85073684,0.749642105,1.132750526,0.063157895,71.216,120,11.57894737,31.57894737,107.6113,0,0.553846154,340.45,41.05263158,150,0.553846154,20,2,198.29,6,0.076923077,2,180,0,8,6.947959184,26,0,0.553846154,6.837586207,3,44,0,11,30,2,20,2,1,0,0.03125,1,30,0,36,0.675165517,0,0,20,0,120,0,30,0,91,0,0,6,0,8,32.4878,0,0,0,6,0,6,0,1,6,0,0,0,0,65,39,0,2,19.5798,44.82758621,0,0,1
11,17.8,1030.82,196,10.85073684,0.749642105,1.132750526,0.063157895,71.216,120,11.57894737,31.57894737,107.6113,0,0.553846154,340.45,41.05263158,150,0.553846154,20,2,198.29,6,0.076923077,2,180,0,8,6.947959184,26,0,0.553846154,6.837586207,3,44,0,11,30,2,20,2,1,0,0.03125,1,30,0,36,0.675165517,0,0,20,0,120,0,30,0,91,0,0,6,0,8,32.4878,0,0,0,6,0,6,0,1,6,0,0,0,0,65,39,0,2,19.5798,44.82758621,0,0,1
12,17.6,1030.82,196,10.85073684,0.749642105,1.132750526,0.063157895,71.216,120,11.57894737,31.57894737,107.6113,0,0.553846154,340.45,41.05263158,150,0.553846154,20,2,198.29,6,0.076923077,2,180,0,8,6.947959184,26,0,0.553846154,6.837586207,3,44,0,11,30,2,20,2,1,0,0.03125,1,30,0,36,0.675165517,0,0,20,0,120,0,30,0,91,0,0,6,0,8,32.4878,0,0,0,6,0,6,0,1,6,0,0,0,0,65,39,0,2,19.5798,44.82758621,0,0,1
13,17.4,1030.82,196,10.85073684,0.749642105,1.132750526,0.063157895,71.216,120,11.57894737,31.57894737,107.6113,0,0.553846154,340.45,41.05263158,150,0.553846154,20,2,198.29,6,0.076923077,2,180,0,8,6.947959184,26,0,0.553846154,6.837586207,3,44,0,11,30,2,20,2,1,0,0.03125,1,30,0,36,0.675165517,0,0,20,0,120,0,30,0,91,0,0,6,0,8,32.4878,0,0,0,6,0,6,0,1,6,0,0,0,0,65,39,0,2,19.5798,44.82758621,0,0,1
14,17.2,1030.82,196,10.85073684,0.749642105,1.132750526,0.063157895,71.216,120,11.57894737,31.57894737,107.6113,0,0.553846154,340.45,41.05263158,150,0.553846154,20,2,198.29,6,0.076923077,2,180,0,8,6.947959184,26,0,0.553846154,6.837586207,3,44,0,11,30,2,20,2,1,0,0.03125,1,30,0,36,0.675165517,0,0,20,0,120,0,30,0,91,0,0,6,0,8,32.4878,0,0,0,6,0,6,0,1,6,0,0,0,0,65,39,0,2,19.5798,44.82758621,0,0,1
15,17,1030.82,196,10.85073684,0.749642105,1.132750526,0.063157895,71.216,120,11.57894737,31.57894737,107.6113,0,0.553846154,340.45,41.05263158,150,0.553846154,20,2,198.29,6,0.076923077,2,180,0,8,6.947959184,26,0,0.553846154,6.837586207,3,44,0,11,30,2,20,2,1,0,0.03125,1,30,0,36,0.675165517,0,0,20,0,120,0,30,0,91,0,0,6,0,8,32.4878,0,0,0,6,0,6,0,1,6,0,0,0,0,65,39,0,2,19.5798,44.82758621,0,0,1
16,16.8,1030.82,196,10.85073684,0.749642105,1.132750526,0.063157895,71.216,120,11.57894737,31.57894737,107.6113,0,0.553846154,340.45,41.05263158,150,0.553846154,20,2,198.29,6,0.076923077,2,180,0,8,6.947959184,26,0,0.553846154,6.837586207,3,44,0,11,30,2,20,2,1,0,0.03125,1,30,0,36,0.675165517,0,0,20,0,120,0,30,0,91,0,0,6,0,8,32.4878,0,0,0,6,0,6,0,1,6,0,0,0,0,65,39,0,2,19.5798,44.82758621,0,0,1
17,16.6,1030.82,196,10.85073684,0.749642105,1.132750526,0.063157895,71.216,120,11.57894737,31.57894737,107.6113,0,0.553846154,340.45,41.05263158,150,0.553846154,20,2,198.29,6,0.076923077,2,180,0,8,6.947959184,26,0,0.553846154,6.837586207,3,44,0,11,30,2,20,2,1,0,0.03125,1,30,0,36,0.675165517,0,0,20,0,120,0,30,0,91,0,0,6,0,8,32.4878,0,0,0,6,0,6,0,1,6,0,0,0,0,65,39,0,2,19.5798,44.82758621,0,0,1
18,16.4,1030.82,196,10.85073684,0.749642105,1.132750526,0.063157895,71.216,120,11.57894737,31.57894737,107.6113,0,0.553846154,340.45,41.05263158,150,0.553846154,20,2,198.29,6,0.076923077,2,180,0,8,6.947959184,26,0,0.553846154,6.837586207,3,44,0,11,30,2,20,2,1,0,0.03125,1,30,0,36,0.675165517,0,0,20,0,120,0,30,0,91,0,0,6,0,8,32.4878,0,0,0,6,0,6,0,1,6,0,0,0,0,65,39,0,2,19.5798,44.82758621,0,0,1
19,16.2,1030.82,196,10.85073684,0.749642105,1.132750526,0.063157895,71.216,120,11.57894737,31.57894737,107.6113,0,0.553846154,340.45,41.05263158,150,0.553846154,20,2,198.29,6,0.076923077,2,180,0,8,6.947959184,26,0,0.553846154,6.837586207,3,44,0,11,30,2,20,2,1,0,0.03125,1,30,0,36,0.675165517,0,0,20,0,120,0,30,0,91,0,0,6,0,8,32.4878,0,0,0,6,0,6,0,1,6,0,0,0,0,65,39,0,2,19.5798,44.82758621,0,0,1
20,16,1030.82,196,10.85073684,0.749642105,1.132750526,0.063157895,71.216,120,11.57894737,31.57894737,107.6113,0,0.553846154,340.45,41.05263158,150,0.553846154,20,2,198.29,6,0.076923077,2,180,0,8,6.947959184,26,0,0.553846154,6.837586207,3,44,0,11,30,2,20,2,1,0,0.03125,1,30,0,36,0.675165517,0,0,20,0,120,0,30,0,91,0,0,6,0,8,32.4878,0,0,0,6,0,6,0,1,6,0,0,0,0,65,39,0,2,19.5798,44.82758621,0,0,1
1,19.8,640.58,196,8.656486486,0.773962162,1.103822973,0.077922078,57.2732,120,2.702702703,40.54054054,81.6829,0,0.818181818,340.45,48.64864865,150,0.765957447,5,2,198.29,6,0,2,180,0,2,6.947959184,8,0,0.818181818,6.837586207,0,38,0,2,30,2,20,2,1,0,0.049682875,1,30,0,36,0.675165517,0,0,5,0,120,0,30,0,67,0,0,6,0,2,32.4878,0,0,0,6,0,6,0,1,3,0,0,0,0,47,36,0,2,19.5798,44.82758621,0,0,1
2,19.6,640.58,196,8.656486486,0.773962162,1.103822973,0.077922078,57.2732,120,2.702702703,40.54054054,81.6829,0,0.818181818,340.45,48.64864865,150,0.765957447,5,2,198.29,6,0,2,180,0,2,6.947959184,8,0,0.818181818,6.837586207,0,38,0,2,30,2,20,2,1,0,0.049682875,1,30,0,36,0.675165517,0,0,5,0,120,0,30,0,67,0,0,6,0,2,32.4878,0,0,0,6,0,6,0,1,3,0,0,0,0,47,36,0,2,19.5798,44.82758621,0,0,1
3,19.4,640.58,196,8.656486486,0.773962162,1.103822973,0.077922078,57.2732,120,2.702702703,40.54054054,81.6829,0,0.818181818,340.45,48.64864865,150,0.765957447,5,2,198.29,6,0,2,180,0,2,6.947959184,8,0,0.818181818,6.837586207,0,38,0,2,30,2,20,2,1,0,0.049682875,1,30,0,36,0.675165517,0,0,5,0,120,0,30,0,67,0,0,6,0,2,32.4878,0,0,0,6,0,6,0,1,3,0,0,0,0,47,36,0,2,19.5798,44.82758621,0,0,1
4,19.2,640.58,196,8.656486486,0.773962162,1.103822973,0.077922078,57.2732,120,2.702702703,40.54054054,81.6829,0,0.818181818,340.45,48.64864865,150,0.765957447,5,2,198.29,6,0,2,180,0,2,6.947959184,8,0,0.818181818,6.837586207,0,38,0,2,30,2,20,2,1,0,0.049682875,1,30,0,36,0.675165517,0,0,5,0,120,0,30,0,67,0,0,6,0,2,32.4878,0,0,0,6,0,6,0,1,3,0,0,0,0,47,36,0,2,19.5798,44.82758621,0,0,1
5,19,640.58,196,8.656486486,0.773962162,1.103822973,0.077922078,57.2732,120,2.702702703,40.54054054,81.6829,0,0.818181818,340.45,48.64864865,150,0.765957447,5,2,198.29,6,0,2,180,0,2,6.947959184,8,0,0.818181818,6.837586207,0,38,0,2,30,2,20,2,1,0,0.049682875,1,30,0,36,0.675165517,0,0,5,0,120,0,30,0,67,0,0,6,0,2,32.4878,0,0,0,6,0,6,0,1,3,0,0,0,0,47,36,0,2,19.5798,44.82758621,0,0,1
6,18.8,640.58,196,8.656486486,0.773962162,1.103822973,0.077922078,57.2732,120,2.702702703,40.54054054,81.6829,0,0.818181818,340.45,48.64864865,150,0.765957447,5,2,198.29,6,0,2,180,0,2,6.947959184,8,0,0.818181818,6.837586207,0,38,0,2,30,2,20,2,1,0,0.049682875,1,30,0,36,0.675165517,0,0,5,0,120,0,30,0,67,0,0,6,0,2,32.4878,0,0,0,6,0,6,0,1,3,0,0,0,0,47,36,0,2,19.5798,44.82758621,0,0,1
7,18.6,640.58,196,8.656486486,0.773962162,1.103822973,0.077922078,57.2732,120,2.702702703,40.54054054,81.6829,0,0.818181818,340.45,48.64864865,150,0.765957447,5,2,198.29,6,0,2,180,0,2,6.947959184,8,0,0.818181818,6.837586207,0,38,0,2,30,2,20,2,1,0,0.049682875,1,30,0,36,0.675165517,0,0,5,0,120,0,30,0,67,0,0,6,0,2,32.4878,0,0,0,6,0,6,0,1,3,0,0,0,0,47,36,0,2,19.5798,44.82758621,0,0,1
8,18.4,640.58,196,8.656486486,0.773962162,1.103822973,0.077922078,57.2732,120,2.702702703,40.54054054,81.6829,0,0.818181818,340.45,48.64864865,150,0.765957447,5,2,198.29,6,0,2,180,0,2,6.947959184,8,0,0.818181818,6.837586207,0,38,0,2,30,2,20,2,1,0,0.049682875,1,30,0,36,0.675165517,0,0,5,0,120,0,30,0,67,0,0,6,0,2,32.4878,0,0,0,6,0,6,0,1,3,0,0,0,0,47,36,0,2,19.5798,44.82758621,0,0,1
9,18.2,640.58,196,8.656486486,0.773962162,1.103822973,0.077922078,57.2732,120,2.702702703,40.54054054,81.6829,0,0.818181818,340.45,48.64864865,150,0.765957447,5,2,198.29,6,0,2,180,0,2,6.947959184,8,0,0.818181818,6.837586207,0,38,0,2,30,2,20,2,1,0,0.049682875,1,30,0,36,0.675165517,0,0,5,0,120,0,30,0,67,0,0,6,0,2,32.4878,0,0,0,6,0,6,0,1,3,0,0,0,0,47,36,0,2,19.5798,44.82758621,0,0,1
10,18,640.58,196,8.656486486,0.773962162,1.103822973,0.077922078,57.2732,120,2.702702703,40.54054054,81.6829,0,0.818181818,340.45,48.64864865,150,0.765957447,5,2,198.29,6,0,2,180,0,2,6.947959184,8,0,0.818181818,6.837586207,0,38,0,2,30,2,20,2,1,0,0.049682875,1,30,0,36,0.675165517,0,0,5,0,120,0,30,0,67,0,0,6,0,2,32.4878,0,0,0,6,0,6,0,1,3,0,0,0,0,47,36,0,2,19.5798,44.82758621,0,0,1
11,17.8,640.58,196,8.656486486,0.773962162,1.103822973,0.077922078,57.2732,120,2.702702703,40.54054054,81.6829,0,0.818181818,340.45,48.64864865,150,0.765957447,5,2,198.29,6,0,2,180,0,2,6.947959184,8,0,0.818181818,6.837586207,0,38,0,2,30,2,20,2,1,0,0.049682875,1,30,0,36,0.675165517,0,0,5,0,120,0,30,0,67,0,0,6,0,2,32.4878,0,0,0,6,0,6,0,1,3,0,0,0,0,47,36,0,2,19.5798,44.82758621,0,0,1
12,17.6,640.58,196,8.656486486,0.773962162,1.103822973,0.077922078,57.2732,120,2.702702703,40.54054054,81.6829,0,0.818181818,340.45,48.64864865,150,0.765957447,5,2,198.29,6,0,2,180,0,2,6.947959184,8,0,0.818181818,6.837586207,0,38,0,2,30,2,20,2,1,0,0.049682875,1,30,0,36,0.675165517,0,0,5,0,120,0,30,0,67,0,0,6,0,2,32.4878,0,0,0,6,0,6,0,1,3,0,0,0,0,47,36,0,2,19.5798,44.82758621,0,0,1
13,17.4,640.58,196,8.656486486,0.773962162,1.103822973,0.077922078,57.2732,120,2.702702703,40.54054054,81.6829,0,0.818181818,340.45,48.64864865,150,0.765957447,5,2,198.29,6,0,2,180,0,2,6.947959184,8,0,0.818181818,6.837586207,0,38,0,2,30,2,20,2,1,0,0.049682875,1,30,0,36,0.675165517,0,0,5,0,120,0,30,0,67,0,0,6,0,2,32.4878,0,0,0,6,0,6,0,1,3,0,0,0,0,47,36,0,2,19.5798,44.82758621,0,0,1
14,17.2,640.58,196,8.656486486,0.773962162,1.103822973,0.077922078,57.2732,120,2.702702703,40.54054054,81.6829,0,0.818181818,340.45,48.64864865,150,0.765957447,5,2,198.29,6,0,2,180,0,2,6.947959184,8,0,0.818181818,6.837586207,0,38,0,2,30,2,20,2,1,0,0.049682875,1,30,0,36,0.675165517,0,0,5,0,120,0,30,0,67,0,0,6,0,2,32.4878,0,0,0,6,0,6,0,1,3,0,0,0,0,47,36,0,2,19.5798,44.82758621,0,0,1
15,17,640.58,196,8.656486486,0.773962162,1.103822973,0.077922078,57.2732,120,2.702702703,40.54054054,81.6829,0,0.818181818,340.45,48.64864865,150,0.765957447,5,2,198.29,6,0,2,180,0,2,6.947959184,8,0,0.818181818,6.837586207,0,38,0,2,30,2,20,2,1,0,0.049682875,1,30,0,36,0.675165517,0,0,5,0,120,0,30,0,67,0,0,6,0,2,32.4878,0,0,0,6,0,6,0,1,3,0,0,0,0,47,36,0,2,19.5798,44.82758621,0,0,1
16,16.8,640.58,196,8.656486486,0.773962162,1.103822973,0.077922078,57.2732,120,2.702702703,40.54054054,81.6829,0,0.818181818,340.45,48.64864865,150,0.765957447,5,2,198.29,6,0,2,180,0,2,6.947959184,8,0,0.818181818,6.837586207,0,38,0,2,30,2,20,2,1,0,0.049682875,1,30,0,36,0.675165517,0,0,5,0,120,0,30,0,67,0,0,6,0,2,32.4878,0,0,0,6,0,6,0,1,3,0,0,0,0,47,36,0,2,19.5798,44.82758621,0,0,1
17,16.6,640.58,196,8.656486486,0.773962162,1.103822973,0.077922078,57.2732,120,2.702702703,40.54054054,81.6829,0,0.818181818,340.45,48.64864865,150,0.765957447,5,2,198.29,6,0,2,180,0,2,6.947959184,8,0,0.818181818,6.837586207,0,38,0,2,30,2,20,2,1,0,0.049682875,1,30,0,36,0.675165517,0,0,5,0,120,0,30,0,67,0,0,6,0,2,32.4878,0,0,0,6,0,6,0,1,3,0,0,0,0,47,36,0,2,19.5798,44.82758621,0,0,1
18,16.4,640.58,196,8.656486486,0.773962162,1.103822973,0.077922078,57.2732,120,2.702702703,40.54054054,81.6829,0,0.818181818,340.45,48.64864865,150,0.765957447,5,2,198.29,6,0,2,180,0,2,6.947959184,8,0,0.818181818,6.837586207,0,38,0,2,30,2,20,2,1,0,0.049682875,1,30,0,36,0.675165517,0,0,5,0,120,0,30,0,67,0,0,6,0,2,32.4878,0,0,0,6,0,6,0,1,3,0,0,0,0,47,36,0,2,19.5798,44.82758621,0,0,1
19,16.2,640.58,196,8.656486486,0.773962162,1.103822973,0.077922078,57.2732,120,2.702702703,40.54054054,81.6829,0,0.818181818,340.45,48.64864865,150,0.765957447,5,2,198.29,6,0,2,180,0,2,6.947959184,8,0,0.818181818,6.837586207,0,38,0,2,30,2,20,2,1,0,0.049682875,1,30,0,36,0.675165517,0,0,5,0,120,0,30,0,67,0,0,6,0,2,32.4878,0,0,0,6,0,6,0,1,3,0,0,0,0,47,36,0,2,19.5798,44.82758621,0,0,1
20,16,640.58,196,8.656486486,0.773962162,1.103822973,0.077922078,57.2732,120,2.702702703,40.54054054,81.6829,0,0.818181818,340.45,48.64864865,150,0.765957447,5,2,198.29,6,0,2,180,0,2,6.947959184,8,0,0.818181818,6.837586207,0,38,0,2,30,2,20,2,1,0,0.049682875,1,30,0,36,0.675165517,0,0,5,0,120,0,30,0,67,0,0,6,0,2,32.4878,0,0,0,6,0,6,0,1,3,0,0,0,0,47,36,0,2,19.5798,44.82758621,0,0,1
